0,3134,2977,297,2132,1787,2107,900,2177,1107,1342,2145,1458,4029,1814,3988,2448,2349,1754,1212,3118,2298,202,1996,1555,2800,1072,494,3690,2494,2092,3303,956,2055,2042,3949,2209,1135,859,2783,826,1509,2082,2582,1048,1651,910,884,475,1928,926,1786,3268,2247,4389,2824,263,492,365,881,2131,1508,698,2118,1342,1777,1333,564,257,635,2573,3708,2689,3469,1229,1371,1602,2491,3458,3921,2794,982,2866,2142,3568,3907,2469,3073,1188,2227,3864,3214,2086,1532,2209,3217,1694,2698,939,3915,1449,2338,3479,2786,376,820,271,810,1020,997,3380,3684,1977,2271,556,2698,797,784,1956,2219,1893,2219,885,2100,3338,681,3554,1574,2062,2535,977,1966,3210,1659,687,2681,2608,1650,246,837,2578,1160,1114,946,922,2308,886,1685,2251,2047,2058,1119,4086,2582,370,4097,1636,1757,3425,1089,812,1191,3651,839,661,439,3337,1086,1141,2246,2476,1150,2031,923,551,1229,213,3533,3933,1721,3738,1065,2074,921,1168,3578,1058,2552,207,3646,243,3210,786,1593,1898,850,264,1962,2207,2177
3169,0,1347,3682,2551,1615,5020,2516,1725,2621,2141,5142,2267,7204,4973,3356,1997,2012,2301,3404,1310,2062,3587,1544,2386,894,3933,3243,520,737,2484,1378,4103,2360,1661,7125,2254,2791,3466,6157,4164,1868,2447,1204,2930,2228,3354,4111,2979,2688,3422,1406,6499,1991,1218,1326,3174,3241,3521,3443,2552,4036,3270,2423,2694,1605,3699,3314,3641,3385,605,336,2035,1543,3725,2227,2411,802,1533,751,1296,2863,1223,2096,6942,3276,1186,1364,2322,2263,391,1244,2402,2380,1758,1291,2503,495,3384,3284,2258,2022,2848,583,3761,2568,3076,4123,2825,4143,6611,514,1526,1967,3193,1320,3541,3479,1286,1859,1722,2019,3630,2135,1432,3430,389,4733,2367,2175,4057,2194,284,2459,4072,776,2600,2226,3429,3018,1450,2966,3563,4092,3754,1026,3378,2246,2108,2352,2093,3312,3455,1204,3755,927,4383,2304,3322,3587,3472,2758,481,2864,3410,3824,6710,3887,2946,2290,2116,3646,2458,3341,3300,2505,3598,3138,3302,2268,3107,4212,1622,3126,3361,508,2940,1077,3140,3251,3194,285,3357,4340,1296,3599,3095,4959,2135,1506
3148,1689,0,3661,2485,1668,4856,2496,1659,2600,2075,4894,2200,6036,4952,2188,1930,1945,2235,3766,1790,1996,3566,1478,2319,1355,3867,3222,1000,670,2417,1858,4036,2294,1640,5956,2187,2724,3828,4989,4097,1848,2380,1137,3028,2161,3287,4045,3341,2622,3783,1385,5331,1924,1698,1379,3536,3221,3500,3804,2486,4016,3631,2356,2628,1658,2530,3293,3621,3364,1128,1018,866,2023,4087,2160,2345,735,2013,1231,1349,2882,106,2030,5774,2108,1149,1628,2255,2196,1174,524,2335,2313,1691,1771,2436,986,3746,2115,2191,1955,1680,1074,3740,2547,3056,4056,2758,4076,5442,994,1459,1900,3555,1253,3474,3412,1196,1792,1774,1952,3563,2069,1893,3410,864,4712,2300,2108,3990,2127,918,2393,4051,1236,2533,2160,3408,3026,1502,2899,3496,4025,3688,959,3311,2179,2042,2286,2027,3673,2286,1137,3734,1407,4362,2237,2153,3521,3406,3119,961,3225,3389,3803,5542,3820,2880,2224,2050,4007,2391,3274,3280,2438,3577,1969,2134,2202,1939,4145,1556,3488,3722,1291,2948,1088,3120,2082,3556,918,3719,4319,1258,3578,3074,4711,967,1468
278,3615,3459,0,2397,2052,2118,1251,2442,1118,1607,2157,1723,4040,1799,4188,2713,2546,1951,1132,3600,2494,214,2261,1752,3281,774,414,4172,2976,2357,3785,726,2252,2523,3960,2406,1400,778,2795,529,1990,2347,3064,1059,1916,830,587,740,2193,846,2268,3280,2444,4870,3305,528,412,376,801,2396,1520,964,2314,1539,2042,1344,484,268,555,3055,4190,3170,3951,1149,1636,1867,2973,3940,4403,3275,993,3348,2338,3579,4108,2951,3554,1454,2424,4346,3696,2293,1729,2474,3698,1959,3179,859,4115,1714,2535,3680,3268,296,1171,510,822,1285,766,3391,4166,2242,2468,821,3180,716,704,2438,2416,2158,2416,805,2297,3819,601,4036,1585,2259,2732,680,2448,3692,1856,698,3163,2805,1915,257,848,3060,1426,817,715,625,2790,806,1950,2448,2244,2255,1039,4286,3064,73,4578,1648,1954,3642,792,732,1456,4133,1104,580,142,3348,789,1406,2443,2673,1070,2296,842,471,1494,224,3749,4134,1918,3939,834,2339,1114,1088,4060,1069,3034,360,3862,508,3691,1051,1604,2380,769,492,1974,2688,2658
1985,2552,2395,2269,0,927,4161,2407,1317,2511,912,4110,739,6192,3405,4080,1588,1216,532,1613,2536,1075,2174,1136,672,2218,2162,2013,3108,1912,68,2721,2332,191,2080,6113,804,1020,1832,4947,2393,2060,229,1474,3140,791,1583,2340,1619,576,1583,1824,5432,1025,3807,1364,1814,2011,2337,1854,1,3672,1614,268,923,917,3425,2083,2228,2154,1991,3126,2804,2887,1886,826,1003,1909,2876,3340,1334,3074,2284,919,5129,3999,1887,2491,1153,1005,3282,2633,150,666,1067,2634,885,2116,1593,4007,749,1116,3571,2204,2348,2458,2205,2352,1341,2372,5544,3103,1117,1049,1538,1513,1770,1708,1994,997,1033,997,1859,878,2344,2200,2973,3247,184,1313,2286,1380,2628,773,2476,2099,710,790,2217,2929,1394,1482,1792,2321,1983,1726,1607,825,1029,199,836,1521,4178,1419,2204,3515,4018,534,4148,1816,1701,1913,3070,1863,2180,2135,5500,2116,1462,767,1254,1807,240,1570,2070,1097,2185,3861,4025,499,3831,2440,1214,1471,1570,3400,3150,1970,2179,3974,1834,2628,1702,3975,1936,2368,2223,4594,2596,2214
2015,2232,2075,2299,1179,0,4055,1806,996,1911,400,4178,573,5592,3435,3503,1268,1283,816,1643,2216,1235,2204,815,645,1898,2192,2043,2788,1592,1112,2401,2362,1130,1839,5513,1147,1050,1862,4347,2423,1306,1102,1244,2540,471,1613,2370,1444,947,1613,1583,4832,1262,3487,1044,1639,2041,2367,1884,1180,3072,1644,1192,953,597,2825,2114,2258,2184,1671,2806,2486,2567,1916,486,670,1589,2556,3019,1014,2474,1964,1079,5132,3423,1567,2171,581,1165,2962,2312,1171,639,1029,2314,762,1796,1623,3431,563,1293,2995,1884,2378,1858,1735,2382,1084,2402,4944,2782,797,1238,1568,1193,1800,1738,1753,1130,106,1157,1889,1037,2024,2230,2652,3277,1136,1445,2316,453,2343,718,2506,1779,1545,469,2247,2329,1074,1225,1822,2351,2013,1406,1637,505,1189,1122,995,1551,3602,1098,2235,3195,3418,819,3469,1846,1732,1313,2749,1419,2210,2166,4900,2146,1206,1183,1387,1837,1050,1600,2100,621,2215,3285,3449,783,3254,2471,893,1501,1600,3080,2550,1650,1799,3398,1659,2343,1732,3375,1695,2398,1754,3994,2004,1965
2454,4868,4534,2425,4254,4422,0,2433,4838,2300,3834,86,3754,2373,1172,4920,5109,5125,3876,3340,4853,4419,1905,4657,3677,4534,2406,2622,5217,4229,3976,5038,1964,4177,3776,2455,4331,3627,2987,1086,2044,3243,4204,4316,2384,4324,2760,2505,2916,4049,2760,3521,1774,4369,5916,4558,2704,2620,2139,3009,4253,950,3140,4239,3464,4412,2286,2692,1896,2763,4308,5235,4208,5204,3063,3864,4095,4226,5193,5448,4528,2174,4423,4263,1359,4839,4204,4807,3681,4349,5391,4742,4218,3654,4871,4951,3899,4432,3067,4847,3763,4460,4411,4521,2504,2353,2182,2003,3513,2004,1836,5211,4638,4393,2998,4433,2924,2912,3691,4972,4528,4341,3013,4222,5072,2809,5082,1035,4184,5287,2311,3701,4945,3781,1655,4416,4729,4322,2172,2029,4313,3653,2623,1953,2471,4043,2784,4358,4373,4169,4180,3247,5018,4317,2175,5624,1155,3878,4357,2598,2940,3045,5178,3151,2789,2106,1187,2593,3634,4367,5229,2984,3915,2747,2679,3721,1894,4465,4865,3843,4671,2072,4735,3414,3296,5509,2250,4287,2221,4578,2684,4944,3227,1112,3633,2977,2164,164,3726,3912
903,2758,2601,1160,2520,2311,2498,0,2728,133,1730,2620,1847,4035,2451,3029,2999,3014,2143,1588,2742,2686,1065,2547,1944,2424,2328,977,3314,2118,2481,2927,1819,2444,1666,3955,2598,1523,1342,2790,1689,1133,2471,2206,741,2213,1605,1747,1163,2316,1605,1410,3274,2636,4013,2448,869,976,874,1364,2520,1515,1453,2506,1730,2301,1026,1048,1120,1119,2197,3332,2213,3093,1908,1760,1991,2115,3082,3545,2418,675,2490,2530,3574,2948,2093,2697,1577,2616,3488,2838,2474,1921,2760,2841,2083,2322,1568,2956,1837,2726,2520,2410,1239,80,545,1673,1409,1860,3386,3308,2528,2969,1376,2322,1280,1268,1580,2861,2417,2608,1369,2488,2962,1164,3178,2211,2450,3177,1840,1590,2834,2048,1550,2305,2996,2212,907,530,2202,1549,1957,1808,1785,1932,1628,2247,2640,2436,2446,1495,3127,2206,1233,3721,1861,2145,2466,1982,1296,941,3275,1047,1144,1302,3343,2229,1530,2634,3118,1829,2419,1602,1035,1617,1076,2574,2974,2110,2780,1928,2624,1310,1544,3202,751,2176,609,2687,849,2834,1540,1818,1522,1333,564,2437,1731,1801
2120,2324,2167,2404,887,699,4296,2337,0,2442,769,4246,631,6123,3540,3852,1360,720,637,1748,2308,669,2309,802,750,1990,2297,2148,2881,1685,820,2494,2467,696,1852,6043,581,1155,1967,4877,2528,1908,783,1247,3070,563,1718,2476,1549,1052,1718,1597,5362,618,3579,1137,1744,2146,2472,1989,888,3602,1749,758,1058,689,3355,2218,2363,2289,1763,2899,2577,2659,2022,684,775,1681,2649,3112,1107,3004,2056,513,5264,3772,1659,2263,925,598,3055,2405,737,744,660,2407,867,1888,1728,3779,622,709,3344,1976,2483,2388,2135,2487,1189,2507,5474,2875,889,642,1673,1285,1905,1843,1767,590,805,590,1994,471,2116,2335,2745,3382,703,906,2421,1086,2400,823,2610,1871,979,562,2352,2859,1166,1330,1927,2456,2118,1498,1742,598,622,688,429,1656,3950,1191,2340,3288,3948,640,3817,1952,1836,1843,2842,1793,2314,2270,5431,2251,1310,617,848,1942,794,1705,2205,869,2320,3633,3798,604,3603,2576,986,1606,1705,3172,3080,1742,2314,3746,1764,2400,1837,3906,1708,2503,2154,4524,2368,1986
867,2863,2706,1124,2625,2416,2392,133,2832,0,1835,2514,1952,3929,2345,3134,3104,3119,2248,1692,2847,2791,1030,2651,2049,2529,1899,942,3419,2223,2586,3032,1783,2549,1770,3850,2703,1628,1306,2684,1654,1237,2575,2311,608,2318,1710,1711,1267,2421,1710,1515,3169,2740,4118,2552,834,940,838,1329,2624,1409,1558,2611,1835,2406,893,1012,1084,1083,2302,3437,2318,3198,2013,1865,2096,2220,3187,3650,2522,542,2595,2635,3469,3053,2198,2802,1682,2721,3593,2943,2579,2026,2865,2945,2187,2427,1672,3061,1942,2831,2625,2515,1204,53,510,1638,1514,1824,3280,3413,2633,3074,1481,2427,1244,1232,1685,2966,2522,2712,1333,2593,3066,1129,3283,2105,2555,3282,1804,1695,2939,2152,1514,2410,3101,2316,871,397,2307,1654,2062,1773,1750,2037,1733,2352,2745,2540,2551,1600,3232,2311,1197,3826,1755,2250,2571,2087,1260,1046,3380,1152,1108,1266,3237,2334,1635,2739,3223,1934,2524,1706,999,1722,1041,2679,3079,2215,2884,1892,2729,1414,1649,3307,618,2281,574,2792,814,2939,1645,1712,1627,1297,528,2331,1836,1906
1548,2126,1969,1832,895,501,3887,1671,890,1775,0,3837,172,5457,3132,3368,1162,1177,556,1340,2110,1129,1737,710,378,1792,1889,1622,2682,1486,827,2296,2058,869,1703,5377,1041,746,1558,4211,2119,1170,817,1138,2404,365,1309,2067,1090,663,1309,1447,4696,1156,3381,938,1285,1620,1900,1581,896,2936,1287,932,650,491,2689,1692,1791,1763,1565,2700,2350,2461,1613,85,316,1483,2451,2913,908,2338,1858,974,4996,3287,1461,2065,466,1059,2856,2206,910,354,923,2209,408,1690,1320,3295,163,1187,2859,1778,1911,1722,1676,2078,730,2098,4808,2676,691,1132,1210,1087,1496,1434,1618,1024,607,1051,1585,932,1918,1809,2547,2973,876,1340,2012,317,2237,410,2202,1673,1440,364,1780,2193,968,870,1518,2047,1710,1300,1333,399,1083,861,890,1247,3466,992,1904,3089,3282,558,3333,1543,1428,1177,2644,1334,1789,1862,4764,1842,851,1078,1281,1533,766,1296,1679,410,1748,3149,3313,523,3118,2167,787,1143,1296,2974,2414,1544,1742,3262,1305,2237,1374,3239,1559,1978,1694,3858,1868,1830
2164,4923,4662,2134,4179,4476,86,2487,4893,2354,3889,0,3679,2410,1097,5048,5164,4396,3801,3049,4907,4345,1943,4712,3602,4589,2331,2331,5345,4283,3902,5093,1889,4102,3831,2510,4257,3682,2696,1141,1969,3298,4129,4371,2513,4060,2685,2430,2626,3975,2685,3576,1936,4294,6044,4613,2414,2329,2194,2718,4178,1005,3345,4165,3389,4466,2414,2402,1934,2473,4362,5363,4336,5259,2989,3919,3857,4280,5248,5576,4583,2229,4551,4189,1293,4967,4258,4862,3736,4274,5519,4870,4144,3580,4926,5006,3825,4487,2776,4975,3688,4385,4539,4575,2214,2407,2237,1928,3567,1929,1872,5340,4693,4318,2707,4488,2634,2622,3746,5026,4583,4266,2722,4147,5127,2518,5210,960,4109,4582,2236,3756,5000,3706,1693,4471,4655,4059,2227,2084,4367,3708,2548,1878,2396,4098,2709,4095,4298,4094,4105,2957,5146,4372,2213,5752,1210,3804,4485,2524,2804,3099,5307,3206,2498,2144,1223,2518,3689,4293,4523,2909,3840,2672,2388,3776,1932,4593,4993,3768,4799,1998,4790,3202,3006,5637,2305,4341,2275,4706,2394,4999,3433,1167,3687,2687,2218,218,3854,3966
1410,2243,2086,1694,722,617,3715,1740,1007,1845,172,3665,0,5526,2960,3509,1278,991,384,1168,2227,939,1599,826,205,1909,1716,1513,2799,1603,655,2412,1886,697,1770,5446,851,574,1386,4280,1947,1312,645,1254,2474,481,1137,1895,952,491,1137,1589,4765,889,3498,1055,1147,1511,1762,1408,723,3005,1114,759,478,607,2758,1584,1653,1654,1682,2817,2492,2578,1441,87,178,1599,2567,3030,1025,2407,1974,783,4683,3429,1577,2182,328,869,2973,2323,738,182,1040,2325,235,1807,1147,3437,10,980,3001,1895,1773,1792,1538,1906,592,1926,4877,2793,807,913,1038,1204,1324,1262,1759,1140,724,861,1413,742,2035,1700,2663,2801,704,1177,1840,489,2354,238,2030,1790,1249,480,1642,2262,1085,733,1346,1875,1537,1417,1161,516,893,689,700,1075,3608,1109,1759,3206,3352,386,3481,1371,1256,1246,2760,1196,1680,1690,4834,1670,714,888,1118,1361,594,1124,1570,272,1610,3291,3455,350,3260,1995,904,971,1124,3090,2484,1660,1604,3404,1167,2354,1202,3309,1701,1868,1557,3928,2010,1904
4159,6573,6253,4129,6329,6126,2071,4137,6542,4004,5538,2107,5655,0,3141,6280,6814,6829,5951,5044,6557,6494,4034,6361,5752,6239,4375,4326,6937,6607,6289,6742,3933,6252,5920,347,6406,5331,4691,1522,4013,5520,6279,6021,3814,6028,4729,4474,4620,6124,4729,5225,1357,6808,7635,6262,4408,4324,3843,4713,6328,2654,4844,6314,5538,6116,3716,4397,4089,4468,6012,6954,5927,6908,5033,5568,5799,6307,6897,7168,6232,4067,6142,6338,1618,6200,6112,6512,5385,6424,7110,6461,6282,5729,6575,6655,5891,6137,4771,6207,5646,6839,5771,6225,4208,4057,3886,3674,5217,3974,827,6931,6343,6784,4702,6137,4629,4616,5834,6676,6232,6416,4717,6296,6776,4513,6801,3004,6258,6992,4280,5405,6855,5856,3551,6120,6804,6026,3876,4026,6017,5357,4592,3922,4440,5747,4718,6062,6448,6244,6254,4951,6378,6021,4202,7343,2913,5953,5717,4568,4644,4749,6898,4855,4493,4271,1294,4562,5338,6442,6933,4953,6227,4716,4383,5425,4046,5825,6225,5918,6031,4042,6439,5118,5000,7228,4134,5991,3925,5938,4388,6855,4931,2870,5892,4682,3868,2060,5445,5744
1956,5042,4885,1932,3592,3609,1466,2606,3999,2473,3264,1416,3092,3698,0,5614,4270,3809,3215,2893,5026,3758,1735,3818,3016,4708,1744,2123,5598,4402,3315,5211,1302,3516,3949,3806,3670,2899,2348,2305,1382,3416,3542,4490,2388,3474,2098,1843,2861,3388,2098,3694,3204,3708,6296,4047,2205,2121,2054,2370,3591,1253,2759,3578,2802,3600,2698,2194,1726,2264,4481,5616,4597,5377,2402,3179,3270,4399,5366,5829,4017,2347,4774,3602,2183,5534,4377,4981,3153,3688,5772,5122,3557,2993,3749,5124,3238,4606,2428,5541,3102,3798,5106,4694,2005,2526,2356,1342,2984,1343,3118,5592,3800,3732,2682,4606,2286,2224,3864,3679,3716,3679,2374,3560,5245,2310,5462,373,3522,3995,1650,3874,5118,3119,1465,4589,4068,3472,1934,2202,4486,3125,1962,1292,1809,4216,2122,3508,3712,3507,3518,2800,5713,4490,1859,6005,1401,3217,5068,1937,2217,3155,5559,3105,2290,1789,2124,1931,3106,3706,3937,2322,3254,2085,2180,3193,1724,5176,5560,3182,5365,1411,3896,2615,2850,5486,2424,4460,2394,5288,2185,5118,2846,1358,3806,2478,2337,1152,4114,4085
3685,3883,2437,4198,4089,3479,5370,3033,3853,3137,3310,5408,3436,6550,5489,0,4124,4139,3726,4280,3984,4190,4103,3672,3555,3549,5021,3759,3194,2864,4022,4052,5137,4040,2178,6470,4381,4216,4342,5503,5198,2385,4012,3331,3542,3380,4297,5146,3855,3857,4297,2261,5845,4118,3892,3573,4050,3758,4037,4318,4090,4553,4146,4102,3863,3469,3044,3830,4158,3901,3322,3212,1639,4217,4601,3396,3580,2564,4207,3425,3543,3396,2399,4224,6288,80,2369,3822,3491,4390,3368,2334,4081,3549,3885,3965,3672,3180,4260,73,3427,4149,555,3268,4277,3084,3592,4711,4101,5178,5956,3188,3653,4094,4069,3447,4484,4423,2091,3986,3585,4146,4573,4263,4087,3946,3058,5249,4046,4302,5092,3363,3112,3628,4588,3430,4727,3379,3945,3540,3370,4242,4650,5127,4842,2841,4321,3415,4236,4032,4221,4188,116,3331,4271,3601,4899,3729,503,4675,4416,3633,3155,3740,3926,4340,6056,4921,4223,4418,4244,4521,3960,4294,3817,3674,4114,319,54,3693,289,5246,3750,4002,4236,3485,3462,2892,3657,432,4070,3112,4233,4856,2149,4115,3611,5225,1499,2001
2239,1830,2014,2523,1343,932,4415,2978,374,3083,1082,4365,944,6435,3660,4023,0,264,706,1868,1815,415,2428,357,1063,1496,2417,2267,2387,1191,888,2000,2586,764,2123,6356,606,1274,2087,5190,2647,2330,851,842,3383,876,1837,2595,1862,1584,1837,1868,5675,343,3085,643,2056,2265,2591,2109,1342,3915,1869,827,1178,922,3668,2338,2483,2409,1270,2405,2701,2166,2141,996,1088,1478,2155,2618,613,3317,1899,449,5384,3943,1872,1769,1238,624,2561,1911,806,1057,215,1913,1179,1394,1848,3950,934,374,3515,1483,2602,3030,2447,2606,1502,2626,5787,2381,375,319,1792,958,2024,1963,2038,216,1038,372,2113,535,1622,2454,2251,3501,771,317,2540,1384,1942,946,2730,1378,904,874,2472,3172,766,1642,2046,2576,2238,1711,1861,910,461,756,493,1775,4121,697,2459,2794,4261,708,3988,2071,1956,2156,2348,2106,2434,2390,5743,2370,1623,643,258,2061,862,1824,2324,1182,2439,3804,3968,673,3774,2695,492,1726,1824,2678,3393,1539,2433,3917,2076,1941,1956,4218,1980,2623,2466,4837,2802,2192
2543,1942,2125,2827,1149,1043,4719,3090,485,3194,1193,4669,1055,6546,3964,4134,977,0,909,2172,1926,173,2732,468,1174,1608,2721,2571,2498,1302,1217,2111,2890,968,2234,6467,365,1579,2391,5301,2952,2442,1055,953,3494,987,2142,2899,1973,1390,2142,1979,5786,102,3196,754,2168,2570,2895,2413,1148,4026,2173,1030,1482,1033,3779,2642,2787,2713,1381,2516,2812,2277,2445,1108,1199,1589,2266,2729,724,3428,2010,208,5688,4054,1983,1880,1349,383,2672,2022,1009,1168,326,2024,1290,1506,2152,4061,1045,133,3626,1594,2906,3141,2558,2911,1613,2931,5898,2492,486,78,2096,1070,2329,2267,2149,153,1149,130,2417,570,1734,2758,2362,3806,975,572,2844,1495,2053,1247,3034,1489,711,986,2776,3283,877,1753,2350,2880,2542,1822,2165,1021,220,960,604,2079,4232,808,2763,2904,4372,912,4099,2375,2260,2267,2459,2217,2738,2694,5854,2674,1734,401,513,2366,1065,2129,2629,1293,2744,3915,4080,876,3885,2999,603,2030,2128,2789,3504,1650,2737,4028,2188,2052,2260,4329,2091,2927,2577,4948,2913,2303
1815,2020,1863,2099,980,395,3991,2032,785,2137,465,3941,327,5818,3236,3548,1056,1071,0,1444,2004,1024,2004,604,446,1686,1993,1843,2576,1380,912,2189,2162,930,1548,5739,935,851,1663,4573,2224,1755,902,942,2766,259,1414,2171,1245,748,1414,1292,5058,1050,3275,832,1440,1842,2167,1685,981,3298,1445,993,754,385,3051,1914,2059,1985,1459,2594,2272,2355,1717,380,471,1377,2344,2807,802,2700,1752,868,4960,3467,1355,1959,621,953,2750,2101,972,440,817,2102,562,1584,1424,3475,317,1081,3039,1672,2178,2084,1830,2183,885,2203,5170,2570,585,1026,1368,981,1601,1539,1462,918,501,945,1689,826,1812,2030,2441,3078,937,1234,2116,848,2096,519,2306,1567,1334,258,2048,2555,862,1025,1622,2152,1814,1194,1437,293,977,922,784,1351,3646,887,2035,2983,3644,2,3513,1647,1532,1539,2538,1489,2010,1966,5126,1946,1006,972,1175,1638,851,1401,1901,565,2016,3329,3493,584,3299,2271,681,1302,1400,2868,2776,1438,2009,3442,1460,2096,1532,3601,1404,2199,1849,4220,2064,1682
1115,3319,3163,630,1679,1696,2736,1635,2086,1739,1292,2686,1178,4670,1981,3938,2357,1896,1301,0,3304,1844,844,1904,1102,2985,738,1044,3876,2680,1401,3489,907,1602,2227,4590,1756,1040,266,3425,968,1694,1629,2768,1689,1560,17,916,847,1474,17,1972,3910,1794,4574,2133,1042,1042,1007,288,1678,2150,745,1664,888,1686,1974,1114,898,361,2759,3894,2874,3655,321,1265,1357,2677,3644,4107,2103,1623,3052,1688,3705,3858,2655,3258,1139,1774,4050,3400,1643,1079,1836,3402,1324,2883,347,3865,1188,1884,3430,2972,926,1686,1140,928,971,948,4379,3870,1886,1818,668,2884,204,142,2142,1766,1802,1766,293,1646,3523,406,3740,1823,1609,2081,862,2152,3396,1206,1051,2867,2154,1558,887,1478,2163,1111,367,897,559,2494,41,1594,1798,1594,1604,527,4036,2188,557,4282,2093,1303,3376,392,136,1141,3837,1091,1211,711,3729,691,1092,1792,2023,241,1340,14,529,1179,855,3483,3884,1268,3689,1016,1982,602,576,3764,1699,2738,990,3596,1062,3395,832,2050,2084,1399,1122,2419,2392,2362
3458,521,1868,3971,2352,1535,5309,2806,1526,2911,1935,5431,2107,7725,4970,3877,1509,1773,2105,3178,0,1952,3877,1345,2180,365,3727,3577,1041,1018,2284,230,3896,2161,1951,7646,2112,2585,3397,5601,3958,2158,2247,1105,3480,2028,3148,3905,2978,2482,3148,1696,6086,1791,1740,1246,3174,3576,3811,3419,2352,4326,3179,2223,2488,1525,4220,3648,3931,3719,854,857,2556,396,3451,2020,2205,1323,385,1272,1216,3413,1744,1897,6386,3797,1708,84,2115,2130,560,1765,2202,2174,1558,143,2296,978,3158,3804,2098,1912,3369,1067,4051,2858,3366,3917,2619,3937,6198,1035,1326,1767,3102,1221,3335,3273,1807,1659,1641,1819,3423,1934,751,3764,910,5022,2167,1680,3850,1987,805,2253,4040,539,2325,2026,3718,3308,1369,2759,3356,3886,3548,1547,3171,2062,1998,2152,1892,3085,3976,1105,3769,1448,4672,2107,3843,3381,3266,2848,1002,2954,3744,3700,6154,3680,2740,2148,1622,3372,2258,3135,3635,2156,3888,3659,3823,2072,3628,4005,1422,3036,3134,575,3490,1366,3430,3772,3193,806,3266,4629,1807,3933,3384,5248,2656,2027
2269,1992,2175,2553,1073,1093,4445,2691,535,2796,1136,4395,950,6477,3690,4184,1027,173,736,1898,1976,0,2458,518,903,1658,2447,2297,2548,1352,1140,2161,2616,795,2285,6397,192,1304,2117,5232,2677,2492,881,1004,3425,930,1867,2625,1903,1314,1867,2029,5716,152,3246,804,2098,2295,2621,2139,1072,3957,1899,857,1208,1083,3710,2368,2513,2439,1431,2566,2862,2327,2171,1051,1142,1639,2316,2779,774,3358,2061,258,5414,4104,2033,1931,1292,210,2722,2072,836,897,376,2074,1095,1556,1878,4111,959,40,3676,1644,2632,2743,2489,2636,1556,2657,5828,2542,536,128,1822,1120,2055,1993,2199,203,1199,180,2143,396,1784,2484,2412,3531,801,622,2570,1546,2103,976,2760,1539,590,929,2502,3214,927,1696,2076,2606,2268,1872,1891,964,46,787,648,1805,4283,858,2489,2955,4303,738,4150,2101,1986,2198,2509,2148,2464,2420,5785,2400,1677,228,564,2092,892,1854,2354,1236,2469,3966,4130,703,3935,2725,653,1756,1854,2839,3435,1700,2463,4078,2118,2103,1986,4260,2141,2653,2508,4879,2963,2353
221,3558,3402,191,2340,1995,1905,1194,2384,1061,1549,1943,1666,3983,1611,4131,2656,2557,1962,1106,3542,2505,0,2203,1763,3224,966,388,4114,2918,2300,3728,754,2263,2466,3903,2417,1342,753,2737,744,1933,2290,3006,1002,1859,804,778,682,2135,820,2211,3222,2455,4813,3248,470,386,319,775,2339,1462,906,2325,1549,1985,1286,459,54,530,2997,4132,3113,3893,1124,1579,1810,2915,3883,4345,3218,935,3290,2349,3360,4050,2893,3497,1396,2435,4288,3638,2293,1740,2417,3641,1902,3122,833,4058,1656,2545,3622,3210,270,1114,453,608,1228,794,3334,4108,2185,2479,764,3122,691,678,2381,2426,2101,2427,779,2307,3762,575,3979,1371,2270,2742,871,2390,3634,1866,484,3105,2815,1857,199,790,3002,1368,1008,743,817,2732,780,1893,2459,2255,2265,1013,4229,3006,264,4521,1434,1964,3584,984,706,1398,4076,1046,555,333,3291,980,1349,2453,2684,1044,2238,817,445,1436,11,3692,4076,1929,3882,863,2281,1088,1062,4002,1012,2976,303,3805,450,3634,993,1391,2322,744,434,1760,2631,2601
2240,1474,1657,2524,1007,575,4416,2622,181,2727,889,4366,751,6168,3660,3666,510,468,757,1868,1458,518,2429,0,870,1140,2417,2268,2030,834,940,1643,2587,816,1767,6088,710,1275,2087,4922,2648,1974,903,486,3115,683,1838,2595,1669,1172,1838,1512,5407,446,2729,286,1864,2266,2592,2109,1008,3647,1869,878,1178,565,4009,2338,2483,2409,913,2048,2345,1809,2141,804,895,1122,1798,2261,256,3049,1543,552,5384,3586,1516,1413,1045,718,2204,1554,857,864,214,1557,987,1038,1848,3594,742,478,3158,1126,2603,2674,2255,2607,1309,2627,5519,2024,19,422,1793,602,2025,1963,1682,314,681,475,2114,591,1266,2455,1894,3502,823,630,2541,1028,1585,943,2730,1021,1055,682,2472,2904,409,1450,2047,2576,2238,1355,1862,718,564,808,549,1776,3765,340,2460,2437,3993,759,3632,2071,1956,1888,1991,1913,2434,2390,5476,2371,1430,746,572,2062,913,1825,2325,989,2440,3448,3612,724,3417,2696,135,1726,1825,2322,3125,1182,2434,3561,1884,1585,1957,3950,1623,2623,2274,4569,2445,1835
1709,2218,2062,1993,691,594,3885,2131,983,2236,578,3835,406,5917,3129,3746,1255,794,199,1338,2203,742,1898,802,0,1884,1886,1737,2775,1579,623,2388,2056,500,1746,5837,654,744,1556,4671,2117,1785,586,1141,2864,458,1307,2065,1343,641,1307,1491,5156,692,3474,1031,1538,1735,2061,1578,692,3396,1338,562,647,584,3149,1808,1952,1878,1658,2793,2471,2554,1611,493,670,1576,2543,3006,1001,2798,1951,586,4853,3666,1554,2158,820,672,2949,2299,541,333,733,2301,552,1782,1317,3674,416,782,3238,1871,2072,2182,1929,2076,1065,2096,5268,2769,784,716,1262,1180,1494,1432,1661,664,700,664,1583,544,2011,1924,2640,2971,506,979,2010,1046,2295,440,2200,1766,1052,456,1941,2653,1061,1206,1516,2045,1707,1393,1331,492,696,492,502,1245,3845,1086,1929,3182,3742,201,3712,1541,1426,1637,2736,1587,1904,1860,5225,1840,1187,690,921,1531,597,1294,1794,764,1909,3528,3692,166,3497,2165,880,1195,1294,3067,2874,1637,1903,3641,1558,2294,1426,3700,1603,2092,1948,4318,2262,1880
3148,389,1531,3661,2048,1231,4999,2496,1222,2600,1631,5121,1803,6536,4952,3540,1351,1615,1801,2874,373,1559,3566,1041,1876,0,3423,3222,909,708,1980,558,3592,1857,1640,6456,1750,2281,3093,5291,3654,1848,1944,801,3169,1724,2844,3601,2959,2178,2844,1385,5776,1487,1607,942,3154,3221,3500,3115,2049,4016,2875,1919,2184,1221,3882,3293,3621,3364,543,725,2218,724,3147,1716,1901,995,713,1140,912,3103,1417,1593,6076,3460,1400,328,1812,1758,780,1428,1898,1870,1254,472,1993,668,2854,3467,1794,1518,3032,756,3740,2547,3056,3613,2315,3633,5888,903,1022,1463,2799,917,3031,2969,1555,1355,1337,1515,3120,1630,593,3410,778,4712,1864,1522,3547,1684,673,1949,3736,229,2167,1723,3408,2998,1065,2455,3052,3582,3244,1287,2868,1758,1605,1849,1588,2782,3639,801,3734,1315,4362,1804,3506,3077,2962,2737,870,2843,3389,3396,5844,3377,2436,1787,1464,3068,1954,2831,3280,1852,3577,3322,3486,1768,3291,3701,1119,2732,2830,833,3179,1056,3120,3434,3174,673,2962,4319,1497,3578,3074,4938,2157,1774
1066,3986,3829,788,2245,2262,2402,2301,2652,1906,1917,2352,1745,4828,1647,4604,2923,2462,1867,1546,3970,2410,1001,2471,1668,3652,0,1201,4542,3346,1968,4155,573,2168,2894,4748,2322,1552,1000,3582,516,2360,2195,3434,1847,2126,751,700,1513,2040,751,2638,4067,2360,5241,2700,1316,1200,1164,1022,2244,2307,1411,2230,1455,2252,2132,1272,1056,1343,3425,4560,3541,4321,1054,1832,1923,3343,4310,4773,2670,1780,3718,2254,3371,4524,3321,3925,1805,2340,4716,4066,2209,1645,2402,4068,1891,3550,1081,4532,1754,2451,4096,3638,1084,1959,1298,594,1637,614,4044,4536,2452,2384,1334,2848,938,876,2808,2332,2368,2332,1027,2213,4190,1388,4406,1488,2175,2648,133,2234,4062,1772,717,3533,2720,2125,1045,1636,2729,1777,371,563,196,3160,775,2160,2364,2160,2171,1453,4703,2754,715,4949,1876,1870,4042,346,869,1808,4503,1757,1368,646,3395,197,1758,2359,2589,975,1906,738,1259,1846,1012,4150,4550,1834,4355,682,2549,1268,1502,4430,1857,3404,1148,4262,1296,4062,1498,1833,2750,1557,1279,2202,3059,3029
1214,3418,3261,1498,1915,1932,3152,1733,2322,1838,1391,3101,1415,5519,2396,4036,2594,2132,1538,718,3402,2081,1403,2141,1339,3084,1153,0,3974,2778,1638,3588,1322,1839,2326,5440,1993,1139,365,4274,1384,1793,1865,2866,2467,1797,416,1331,945,1711,432,2071,4759,2031,4673,2370,1140,1240,1566,387,1914,2999,843,1901,1125,1922,2752,1312,1457,776,2857,3992,2973,3753,736,1420,1594,2775,3743,4205,2340,2401,3150,1925,4120,3956,2753,3357,1238,2011,4148,3498,1880,1316,2072,3501,1561,2982,446,3964,1425,2121,3528,3070,1577,1785,1531,1343,1069,1363,4870,3968,2123,2054,767,2982,303,291,2241,2002,2039,2002,392,1883,3622,822,3839,2238,1845,2318,1277,2250,3494,1442,1466,2965,2391,1795,1446,2256,2400,1210,782,1312,974,2592,392,1831,2035,1830,1841,626,4135,2866,1195,4381,2508,1540,3474,807,318,1240,3936,1190,167,1126,4144,1106,1190,2029,2260,656,1577,429,1299,1278,1414,3582,3982,1505,3788,1431,2219,700,674,3862,2477,2836,1408,3695,1160,3494,931,2465,2182,475,1550,2834,2491,2461
3989,1877,1020,4502,3386,2569,5697,3337,2560,3442,2976,5735,3102,6877,5794,3029,2832,2847,3136,4607,1386,2897,4408,2379,3221,1721,4768,4064,0,1572,3319,1454,4938,3195,2482,6798,3089,3626,4669,5830,4999,2689,3282,2039,3869,3063,4189,4946,4182,3523,4624,2227,6172,2826,1295,2280,4377,4062,4342,4646,3387,4857,4473,3258,3529,2559,3372,4134,4462,4205,2030,614,1708,1620,4928,3062,3246,1637,1609,827,2250,3723,1126,2931,6615,2949,1990,1440,3157,3098,770,917,3237,3215,2593,1367,3338,1888,4587,2956,3093,2857,2521,1976,4582,3389,3897,4958,3660,4978,6284,187,2361,2802,4396,2155,4376,4314,2038,2694,2676,2854,4465,2970,2113,4251,1035,5553,3202,3010,4892,3029,1089,3294,4892,2138,3435,3061,4249,3868,2404,3800,4398,4927,4589,1861,4213,3081,2943,3187,2928,4515,3128,2039,4575,220,5203,3139,2995,4422,4307,3960,558,4067,4230,4644,6383,4722,3781,3125,2951,4849,3293,4176,4121,3340,4419,2811,2975,3103,2780,5046,2457,4330,4564,888,3790,1990,3961,2924,4397,1089,4560,5160,2100,4419,3916,5552,1808,2310
2536,1045,849,3050,1841,1024,4387,1884,1015,1989,1431,4510,1557,6707,4341,2859,1286,1302,1591,2772,1030,1352,2955,834,1676,711,3223,2611,1222,0,1774,1215,3392,1650,1029,5845,1544,2081,2834,4679,3454,1236,1737,494,2558,1517,2644,3401,2347,1978,2789,774,5164,1280,1921,735,2542,2609,2889,2810,1842,3404,2637,1712,1984,1014,3201,2682,3009,2752,485,1240,1537,1381,3093,1516,1701,323,1370,1454,705,2491,745,1386,5464,2778,708,984,1612,1552,1396,747,1691,1670,1048,1128,1793,609,2752,2786,1547,1312,2350,698,3129,1936,2444,3413,2115,3433,5276,1217,816,1256,2561,610,2831,2769,807,1148,1130,1309,2919,1425,1249,2798,1087,4100,1657,1464,3347,1483,778,1749,3439,593,1890,1516,2796,2386,858,2255,2852,3382,3044,547,2667,1536,1398,1642,1383,2679,2957,494,3122,1629,3750,1594,2824,2877,2762,2125,1184,2231,2778,3192,5232,3176,2236,1580,1406,3013,1748,2631,2668,1795,2966,2640,2804,1558,2610,3501,912,2494,2728,1514,2568,444,2508,2753,2562,777,2725,3707,885,2966,2463,4326,1637,1028
2052,2484,2328,2336,68,860,4228,2474,1249,2579,844,4178,672,6260,3473,4012,1520,1060,465,1681,2469,1008,2241,1068,605,2150,2230,2080,3041,1845,0,2654,2399,124,2012,6180,902,1088,1900,5015,2460,2128,162,1407,3208,724,1650,2408,1686,644,1650,1757,5500,958,3740,1297,1881,2078,2404,1922,68,3740,1682,201,991,850,3492,2151,2296,2222,1924,3059,2737,2820,1954,759,936,1842,2809,3272,1267,3141,2217,852,5196,3932,1820,2423,1086,938,3215,2565,82,599,999,2567,818,2048,1661,3939,682,1048,3504,2136,2415,2526,2272,2419,1409,2440,5611,3035,1050,982,1605,1446,1838,1776,1927,929,966,929,1926,810,2277,2267,2905,3314,117,1245,2353,1312,2561,706,2543,2032,808,722,2285,2996,1327,1549,1859,2388,2051,1659,1674,758,962,132,768,1588,4111,1351,2272,3448,4086,467,3978,1884,1769,1980,3002,1930,2247,2203,5568,2183,1530,866,1187,1874,172,1637,2138,1029,2252,3794,3958,432,3763,2508,1146,1539,1637,3332,3218,1902,2246,3906,1901,2560,1769,4043,1869,2436,2291,4662,2528,2146
3458,865,2212,3742,2260,1443,5499,3114,1434,3219,1844,5621,2016,8069,4879,4221,1418,1682,2014,3087,849,1860,3647,1253,2088,709,3636,3486,1385,1362,2193,0,3805,2069,2259,6956,2021,2493,3306,5790,3866,2466,2156,1014,3788,1936,3056,3814,2887,2391,3056,2004,6275,1700,2083,1154,3082,3484,3810,3328,2261,4515,3088,2132,2397,1433,4564,3557,3702,3628,1198,1201,2900,1200,3360,1929,2114,1650,1190,1616,1124,3722,2071,1805,6575,4141,2044,804,2024,2039,1256,2109,2110,2082,1467,948,2205,1360,3067,4148,2006,1820,3713,1448,3821,3166,3178,3825,2528,3846,6387,1379,1235,1676,3011,1130,3244,3182,2174,1568,1550,1728,3332,1843,660,3673,1254,4720,2076,1589,3759,1896,1149,2162,3949,883,2234,1935,3690,3772,1278,2668,3265,3794,3457,1906,3080,1971,1907,2061,1801,2994,4320,1014,3678,1792,4862,2016,4187,3290,3175,2756,1346,2862,3653,3609,6344,3589,2649,2057,1531,3280,2167,3043,3543,2064,3658,4003,4167,1980,3972,3914,1331,2944,3043,1373,3798,1711,3242,4116,3102,1150,3175,4819,2116,3842,3197,5438,3000,2364
922,4043,3887,644,2302,2320,2258,2358,2709,1762,1974,2208,1802,4684,1503,4662,2980,2520,1925,1411,4028,2468,857,2528,1726,3709,438,1058,4600,3404,2025,4213,0,2226,2951,4604,2380,1609,1058,3439,372,2418,2252,3491,1703,2184,808,556,1571,2098,808,2696,3923,2418,5298,2757,1172,1056,1020,1080,2301,2164,1469,2288,1512,2310,1988,1128,912,1199,3482,4617,3598,4379,1112,1889,1981,3400,4368,4831,2727,1637,3776,2312,3227,4582,3378,3982,1863,2398,4773,4124,2267,1703,2459,4126,1948,3607,1138,4589,1812,2508,4154,3695,940,1815,1154,450,1694,40,3901,4594,2510,2442,1392,2906,996,934,2866,2389,2426,2389,1084,2270,4247,1245,4464,1345,2232,2705,344,2291,4120,1829,573,3591,2778,2182,901,1492,2787,1835,656,419,505,3218,832,2218,2422,2218,2228,1318,4760,2811,571,5006,1733,1927,4100,631,927,1865,4561,1815,1224,502,3251,626,1816,2416,2647,1032,1964,795,1115,1903,868,4207,4608,1892,4413,538,2606,1325,1367,4487,1713,3462,1004,4320,1152,4119,1556,1690,2807,1413,1136,2058,3116,3086
1900,2409,2253,2184,308,785,4076,2322,1174,2426,769,4026,597,6108,3320,3937,1446,985,390,1528,2394,933,2089,993,530,2075,2077,1928,2966,1770,240,2579,2247,0,1937,6028,845,935,1747,4862,2308,1976,87,1332,3055,649,1498,2256,1534,956,1498,1682,5347,883,3665,1222,1729,1926,2252,1769,308,3587,1529,179,838,775,3340,1998,2143,2069,1849,2984,2662,2745,1802,684,861,1767,2734,3197,1192,2989,2142,777,5044,3857,1745,2348,1011,863,3140,2490,158,524,924,2492,743,1973,1508,3864,607,973,3429,2062,2263,2373,2120,2267,1256,2287,5459,2960,975,907,1453,1371,1685,1623,1852,854,891,854,1774,735,2202,2115,2830,3162,123,1170,2201,1237,2486,631,2391,1957,786,647,2132,2844,1252,1397,1707,2236,1898,1584,1522,683,887,8,693,1436,4036,1276,2120,3373,3933,392,3903,1732,1616,1828,2927,1778,2095,2050,5416,2031,1378,843,1112,1722,98,1485,1985,954,2100,3719,3883,357,3688,2356,1071,1386,1485,3258,3065,1828,2094,3832,1749,2485,1617,3890,1794,2283,2138,4509,2453,2071
1508,2495,1713,2021,2676,2049,3358,855,2465,960,1609,3481,1726,4896,3312,2405,2736,2752,2298,1743,2480,2802,1926,2284,2100,2161,2484,1582,2397,1856,2636,2665,2600,2599,0,4816,2754,1679,1805,3650,2662,207,2626,1943,1529,1950,1760,2607,1318,2472,1760,1148,4135,2730,3095,2185,1513,1580,1860,1782,2675,2375,1608,2662,1886,2039,2254,1653,1980,1724,1934,2415,1388,2831,2064,1639,2150,1767,2820,2628,2155,1462,1602,2686,4435,2325,1247,2434,1456,2771,2571,1921,2630,2077,2498,2578,2242,2059,1723,2332,1716,2762,1897,2148,2100,907,1415,2534,1564,2641,4247,2391,2265,2706,1532,2060,1948,1886,964,2598,2155,2759,2036,2644,2699,1769,2261,3072,2606,2914,2555,1328,2315,2198,2410,2043,3152,1949,1768,1357,1940,1705,2113,2590,2304,1670,1784,1985,2848,2591,2602,1650,2504,1944,2094,2804,2722,2301,2370,2138,1879,1096,2358,1202,1749,2163,4204,2384,1686,2790,2856,1984,2575,1757,1639,1496,1937,2186,2351,2265,2156,2709,2362,1465,1699,2688,1539,1914,1479,2299,1533,2315,1696,2678,1022,1938,1434,3298,905,867
4772,7186,6197,4742,7294,6739,2384,4499,7155,4366,6504,2439,6620,291,3491,6224,7427,7442,6916,5657,7170,7459,4648,6974,6717,6852,4725,4939,6880,6551,7254,7355,4283,7217,5864,0,7371,6297,5304,1480,4086,5464,7244,6634,3758,6641,5355,4482,5233,7089,5371,5838,1316,7421,7579,6876,5021,4937,4456,5326,7293,2713,6226,7279,6504,6729,3660,5010,4702,5081,6625,6898,5871,7521,5675,6533,6764,6251,7510,7112,6845,4011,6086,7303,1908,6143,6056,7125,6350,7389,7054,6405,7248,6694,7188,7268,6856,6750,5384,6151,6611,7452,5715,6838,4821,4420,4500,3950,6182,4323,1177,6874,6956,7397,5315,6750,5242,5230,5778,7289,6845,7381,5330,7262,7390,5126,6745,3340,7224,7605,4630,6018,6799,6821,3826,6733,7769,6640,4489,3969,6630,6322,4942,4272,4467,6360,5331,6675,7413,7209,7220,5564,6322,6634,4815,7287,2972,6918,5661,4917,5257,5714,6842,5820,5106,4884,1643,4912,6303,7408,7546,5595,7193,5368,4996,6391,4658,5769,6169,6883,5975,4392,7052,6083,5613,7172,4078,6604,4538,5882,5002,6799,6313,2929,5836,5295,4481,2373,5389,5687
2077,2183,2367,2361,968,874,4254,2499,727,2604,944,4203,758,6285,3498,4376,1219,365,544,1706,2168,192,2266,710,711,1850,2255,2105,2740,1544,726,2353,2424,603,2027,6206,0,1113,1925,5040,2486,2084,690,1195,3233,738,1676,2433,1711,1210,1676,1772,5525,344,3438,996,1906,2104,2429,1947,968,3765,1707,665,1016,864,3518,2176,2321,2247,1623,2758,3054,2519,1979,859,950,1831,2508,2971,966,3167,2252,355,5222,4296,1834,2122,1100,122,2914,2264,644,706,568,2266,903,1747,1686,4303,767,232,3868,1836,2440,2551,2297,2445,1364,2465,5637,2734,728,320,1630,1312,1863,1801,1942,395,980,372,1951,204,2058,2292,2604,3340,610,814,2379,1261,2295,785,2568,1731,502,737,2310,3022,1119,1505,1884,2414,2076,1674,1699,773,146,595,456,1613,4474,1050,2297,3146,4111,546,4341,1909,1794,2006,2701,1956,2272,2228,5593,2208,1486,36,755,1900,700,1663,2163,1044,2278,4157,4322,511,4127,2533,845,1564,1662,3031,3243,1892,2271,4270,1926,2294,1794,4068,1883,2461,2316,4687,2543,2161
1158,2685,2529,1442,1562,1108,3737,1488,1497,1593,662,3859,779,5274,3056,3258,1768,1784,1184,1125,2670,1727,1347,1316,985,2351,1866,1232,3242,2046,1522,2855,1982,1485,1593,5194,1639,0,1187,4029,2044,1060,1512,2133,2222,972,1142,1991,700,1358,1142,1338,4514,1763,3940,1545,895,1231,1510,1164,1561,2754,991,1548,772,1098,2507,1303,1402,1374,2124,3259,2240,3021,1446,692,923,2042,3010,3473,1515,2156,2418,1572,4814,3178,2020,2624,509,1657,3415,2766,1516,962,1530,2768,1014,2249,1105,3185,769,1794,2750,2337,1521,1540,1286,2003,341,2023,4626,3236,1298,1739,914,2250,1330,1268,1508,1631,1214,1649,1418,1530,2889,1420,3106,2898,1492,1946,1937,979,2762,1017,1832,2233,2038,970,1391,2011,1575,481,1495,1972,1687,1860,1166,1006,1681,1477,1488,1033,3356,1599,1515,3648,3100,1187,3223,1520,1261,995,3203,945,1399,1584,4582,1767,462,1676,1888,1367,1461,1139,1290,549,1358,3039,3204,1151,3009,2091,1394,848,1082,3129,2232,2103,1352,3152,915,2761,1078,3057,1449,1588,1305,3676,1758,1720
937,3142,2985,1221,1639,1656,3128,1457,2046,1562,1114,3078,1139,5243,2373,3760,2317,1856,1261,159,3126,1804,1126,1865,1062,2808,1182,965,3698,2502,1362,3311,1299,1562,2049,5163,1716,862,0,3997,1360,1516,1589,2590,2190,1520,176,1308,669,1435,176,1794,4482,1754,4396,2094,864,964,1289,111,1638,2722,567,1625,849,1646,2475,1036,1181,520,2581,3716,2697,3477,480,1144,1317,2499,3466,3929,2064,2124,2874,1649,4096,3680,2477,3081,961,1734,3872,3222,1603,1040,1796,3224,1285,2706,169,3687,1148,1845,3252,2794,1300,1508,1255,1319,793,1340,4594,3692,1846,1778,490,2706,364,302,1964,1726,1762,1726,115,1607,3345,566,3562,2214,1569,2042,1253,1974,3218,1166,1443,2689,2115,1519,1170,1979,2123,933,812,1288,1003,2316,200,1554,1758,1554,1565,349,3859,2590,1172,4105,3069,1264,3198,836,295,963,3659,913,1132,1103,4121,1083,914,1753,1983,400,1300,173,1023,1001,1138,3305,3706,1228,3511,1408,1943,424,106,3586,2200,2560,1131,3418,884,3218,654,3026,1906,1321,1274,2811,2214,2185
3562,5976,4698,3533,5732,5530,1153,3290,5946,3157,4942,1208,5059,1745,2294,5084,6217,6233,5355,4448,5961,5898,3438,5765,5156,5642,3288,3730,5382,5052,5692,6146,2865,5656,4365,1665,5810,4735,4095,0,2855,3965,5682,5424,2549,5432,4146,4120,4024,5528,4162,4629,345,6212,6080,5666,3812,3728,3247,4117,5732,1482,4248,5718,4942,5520,2451,3800,3493,3871,5416,5400,4372,6312,4465,4972,5203,4752,6301,5613,5636,2802,4587,5742,817,5004,4557,5915,4789,5828,5556,4906,5686,5133,5979,6059,5294,5540,4175,5011,5049,6243,4576,5629,3612,3210,3290,2719,4621,2905,1235,5376,5746,6188,4106,5541,4032,4020,4279,6080,5636,5819,4121,5700,6180,3917,5246,2109,5662,6395,3193,4809,5300,5259,2595,5524,6208,5430,3280,2760,5421,4761,3505,2854,3236,5151,4122,5466,5852,5648,5658,4355,5182,5425,3606,5788,1741,5357,4522,3480,4048,4153,5343,4259,3897,3675,586,3475,4742,5846,6337,4386,5631,4159,3787,4829,3449,4629,5030,5322,4835,2974,5843,4522,4404,5673,2869,5395,3329,4742,3792,5300,4335,1698,4337,4085,3272,1142,3890,4189
821,4092,3936,542,2352,2369,2016,1794,2759,1661,2024,1966,1852,4195,1260,4711,3030,2569,1974,1674,4077,2517,744,2578,1775,3759,516,956,4649,3453,2074,4262,187,2275,3000,4503,2429,1658,1321,2809,0,2467,2302,3541,1602,2233,858,454,1282,2147,858,2745,3722,2467,5348,2806,1070,954,919,1343,2351,1805,1518,2337,1562,2359,1886,1027,735,1098,3532,4667,3648,4428,1161,1938,2030,3450,4417,4880,2776,1535,3825,2361,2984,4631,3428,4032,1912,2447,4823,4173,2316,1752,2508,4175,1997,3656,1402,4638,1861,2558,4203,3745,839,1714,1053,136,1744,227,3658,4643,2559,2491,1441,2955,1259,983,2915,2439,2475,2439,1348,2320,4296,1143,4513,1102,2282,2754,421,2340,4169,1879,260,3640,2827,2232,799,1390,2836,1884,733,176,590,3267,882,2267,2471,2267,2278,1582,4810,2861,470,5056,1444,1976,4149,708,976,1914,4610,1864,1123,400,3009,703,1865,2465,2696,1082,2013,845,1014,1952,733,4256,4657,1941,4462,296,2655,1375,1630,4537,1612,3511,903,4369,1050,4169,1605,1401,2857,1312,1034,1770,3165,3136
1467,2454,1548,1980,2602,2008,3318,814,2424,919,1568,3440,1685,4855,3271,2240,2696,2711,2224,1669,2439,2761,1885,2243,2025,2120,2409,1541,2231,1815,2562,2624,2526,2525,878,4775,2679,1605,1731,3610,2509,0,2552,1903,1394,1910,1686,2567,1244,2398,1686,968,4094,2690,2930,2144,1439,1539,1819,1707,2601,2334,1534,2588,1812,1998,1679,1612,1939,1683,1894,2249,1222,2790,1990,1598,2109,1602,2779,2462,2114,1328,1437,2612,4394,2159,1082,2394,1415,2697,2405,1756,2556,2078,2457,2537,2201,2018,1649,2167,1676,2721,1731,2107,2059,866,1374,2493,1490,2567,4206,2226,2225,2666,1458,2019,1844,1811,798,2558,2114,2718,1932,2570,2658,1728,2096,3031,2532,2874,2480,1287,2150,2157,2370,2002,3078,1908,1727,1591,1899,1630,2039,2516,2230,1629,1710,1944,2807,2517,2528,1576,2338,1903,2053,2638,2681,2227,2205,2064,1805,1022,2193,1128,1708,2122,4163,2310,1611,2716,2815,1910,2501,1683,1598,1456,1896,2021,2185,2191,1991,2635,2321,1391,1625,2523,1404,1873,1438,2134,1459,2150,1622,2638,857,1897,1393,3257,740,702
1813,2323,2166,2097,272,698,3989,2235,1088,2340,682,3939,510,6021,3234,3851,1359,898,303,1442,2307,846,2002,907,444,1989,1991,1841,2880,1683,204,2492,2160,87,1851,5941,758,848,1661,4776,2221,1889,0,1246,2969,562,1411,2169,1447,746,1411,1596,5260,796,3578,1136,1642,1839,2165,1683,273,3500,1443,266,752,688,3254,1912,2057,1983,1762,2897,2576,2658,1715,597,774,1680,2647,3110,1106,2902,2055,690,4958,3770,1658,2262,924,776,3053,2404,244,438,838,2406,656,1887,1422,3778,520,887,3342,1975,2176,2287,2033,2180,1170,2200,5372,2874,888,820,1366,1284,1598,1537,1766,768,804,768,1687,649,2115,2028,2744,3075,210,1084,2114,1151,2399,544,2304,1870,873,561,2046,2757,1165,1310,1620,2150,1812,1497,1435,596,800,95,607,1349,3949,1190,2033,3286,3847,306,3816,1645,1530,1742,2841,1691,2008,1964,5329,1944,1291,795,1025,1635,29,1398,1898,868,2013,3632,3796,270,3602,2269,985,1300,1398,3171,2979,1741,2007,3745,1662,2399,1530,3804,1707,2197,2052,4423,2367,1985
2552,1190,1375,2836,1396,523,4604,2100,707,2205,938,4726,1063,6141,3972,3245,978,993,1150,2181,1176,1044,2741,526,1182,858,2730,2580,1748,552,1328,1362,2899,1205,1245,6061,1090,1587,2399,4896,2960,1452,1292,0,2774,1008,2150,2908,1981,1484,2150,990,5380,972,2447,427,2176,2578,2904,2422,1397,3621,2182,1267,1490,514,3500,2651,2795,2722,631,1766,1970,1528,2454,1023,1208,714,1517,1979,397,2708,1135,1022,5680,3165,1053,1131,1118,1107,1922,1273,1246,1176,739,1275,1299,756,2160,3172,1054,1003,2737,844,2915,2152,2272,2919,1621,2939,5492,1742,507,948,2105,116,2337,2275,1160,840,630,1000,2426,980,984,2767,1613,3814,1212,1156,2853,990,1303,1256,3043,740,1488,1006,2784,2602,414,1762,2359,2888,2550,892,2174,1042,1090,1197,938,2088,3344,185,2772,2155,3967,1153,3211,2384,2269,1850,1710,1956,2747,2703,5449,2683,1743,1126,1098,2374,1302,2137,2637,1301,2752,3027,3191,1117,2996,3008,604,2038,2137,2040,2784,775,2336,3140,2196,1303,2269,3924,1102,2936,2291,4543,1761,1379
1091,3505,2865,1062,3261,3058,2141,741,3475,608,2471,2263,2588,3776,2094,3251,3746,3762,2883,1977,3489,3427,967,3294,2684,3171,1836,1258,3548,2865,3221,3675,1721,3184,2413,3709,3339,2264,1623,2543,1591,1880,3211,2953,0,2960,1674,1648,1553,3057,1690,2158,2885,3740,4247,3195,1341,1257,776,1646,3260,1157,1777,3247,2471,3048,497,1329,1021,1400,2944,3566,2539,3840,1994,2501,2732,2862,3830,3779,3165,146,2754,3271,3328,3170,2840,3444,2318,3356,3722,3586,3215,2662,3507,3588,2823,3069,1704,3178,2578,3771,2742,3157,1141,661,819,1575,2149,1761,2997,3542,3275,3716,1634,3070,1561,1549,2328,3608,3165,3348,1650,3229,3709,1446,3413,1854,3191,3924,1742,2338,3582,2788,1451,3052,3737,2959,809,211,2949,2290,1879,1710,1687,2680,1650,2995,3380,3176,3187,1884,3349,2954,1135,3955,1504,2886,2688,1854,1577,1681,3510,1788,1425,1204,3097,1851,2270,3375,3866,1915,3160,1687,1316,2358,978,2796,3196,2850,3002,1830,3372,2050,1933,3840,152,2923,857,2909,1321,3581,1864,1461,2269,1614,800,2080,2057,2548
2168,1778,1621,2452,1332,153,4208,1959,1312,2064,553,4330,726,5745,3588,3306,1416,1598,969,1796,1762,1383,2357,1131,798,1444,2345,2196,2305,1138,1265,1947,2515,1283,1306,5666,1295,1203,2015,4500,2576,1513,1255,700,2693,0,1766,2524,1597,1100,1766,1050,4985,1577,3003,1032,1792,2194,2520,2037,1333,3225,1797,1345,1106,143,2978,2266,2411,2337,1217,2323,2030,2113,2070,639,823,1135,2102,2536,1002,2627,1510,1227,5285,3225,1113,1717,734,1313,2479,1858,1324,792,1344,1860,915,1342,1776,3233,716,1608,2797,1430,2531,2011,1888,2535,1237,2555,5097,2299,1112,1553,1721,739,1953,1891,1220,1445,259,1305,2042,1186,1589,2383,2169,3430,1289,1761,2469,606,1854,871,2658,1325,1693,1,2400,2482,620,1378,1975,2504,2166,952,1790,658,1337,1275,1144,1704,3404,790,2388,2712,3571,972,3271,1999,1884,1466,2266,1572,2362,2318,5053,2299,1358,1332,1702,1990,1203,1753,2253,774,2368,3087,3251,936,3057,2624,1041,1654,1753,2222,2703,1196,1952,3200,1812,1854,1885,3528,1162,2551,1906,4147,1822,1440
1098,3302,3146,852,1678,1695,2736,1618,2085,1722,1350,2685,1178,4892,1980,3921,2356,1895,1300,603,3287,1843,1066,1904,1101,2968,737,1266,3859,2663,1400,3472,906,1601,2210,4813,1755,1023,249,3647,968,1677,1628,2750,1911,1559,0,915,830,1473,16,1955,4132,1793,4557,2132,1025,1264,1229,272,1677,2372,728,1663,888,1685,2196,1337,1120,360,2742,3876,2857,3638,320,1264,1356,2660,3627,4090,2102,1845,3035,1687,3704,3841,2638,3241,1122,1773,4033,3383,1642,1078,1834,3385,1323,2866,330,3848,1187,1884,3413,2955,1148,1669,1363,927,954,947,4378,3853,1885,1817,651,2867,187,125,2125,1765,1801,1765,276,1646,3506,406,3723,1822,1608,2080,861,2135,3379,1205,1050,2850,2153,1558,1109,1700,2162,1094,366,896,558,2477,24,1593,1797,1593,1604,510,4020,2187,779,4265,2092,1302,3359,391,119,1124,3820,1074,1433,710,3728,690,1075,1792,2022,240,1339,13,528,1162,1077,3466,3867,1267,3672,1015,1982,584,559,3747,1921,2721,1212,3579,1045,3378,815,2049,2066,1622,1344,2418,2375,2346
698,4035,3879,669,2454,2471,1648,1671,2862,1538,2027,1686,1954,4446,1354,4608,3133,2671,2077,1584,4020,2620,477,2681,1878,3701,820,865,4592,3396,2177,4205,378,2378,2943,4367,2532,1820,1230,2542,368,2410,2404,3484,1479,2336,960,0,1160,2250,960,2688,3686,2569,5290,3725,948,864,796,1252,2453,1538,1384,2440,1664,2461,1764,936,468,1007,3475,4610,3590,4371,1264,2056,2288,3393,4360,4823,3695,1413,3768,2464,3103,4528,3371,3974,1874,2550,4766,4116,2419,1855,2611,4118,2100,3599,1311,4535,2134,2660,4100,3688,748,1592,930,232,1705,418,3309,4586,2662,2593,1241,3600,1168,1156,2858,2541,2578,2541,1257,2422,4239,1053,4456,1114,2384,2857,725,2868,4112,1981,108,3583,2930,2334,677,1268,3480,1846,1037,367,692,3210,1258,2370,2574,2369,2380,1491,4707,3484,742,4998,1177,2079,4062,1012,1184,1876,4553,1524,1032,503,2660,1007,1826,2568,2799,1184,2116,947,923,1914,466,4170,4554,2044,4359,487,2759,1566,1540,4480,1489,3454,780,4282,928,4111,1471,1134,2800,1221,912,1503,3108,3079
475,2911,2755,759,1674,1329,2569,1226,1719,1331,884,2607,1000,4490,2275,3530,1990,1891,1296,741,2895,1840,664,1538,1098,2577,1482,549,3468,2271,1634,3081,1418,1597,1819,4411,1752,677,914,3245,1288,1286,1624,2359,1510,1193,758,1346,0,1470,758,1564,3730,1789,4166,1767,212,547,827,936,1673,1970,241,1660,884,1319,1794,620,718,690,2350,3485,2466,3247,1062,914,1145,2268,3236,3698,1737,1443,2643,1684,4030,3450,2246,2850,731,1769,3641,2992,1628,1075,1752,2994,1236,2475,721,3457,991,1880,3022,2563,838,1278,706,1272,562,1458,3842,3462,1519,1813,98,2476,852,840,1734,1761,1436,1761,940,1642,3115,736,3332,2035,1604,2077,1553,1744,2988,1201,1148,2459,2150,1192,707,1298,2355,703,1111,1407,1302,2086,782,1228,1794,1589,1600,648,3628,2360,832,3874,2098,1299,2968,1136,867,414,3429,364,716,901,3798,1382,684,1788,2018,982,1573,755,606,771,675,3075,3475,1264,3281,1527,1616,463,698,3355,1520,2329,669,3188,232,2987,328,2055,1675,905,724,2424,1984,1954
1787,2297,2140,2071,426,672,3963,2209,1062,2314,657,3913,485,5995,3208,3825,1333,872,277,1416,2281,821,1976,881,418,1963,1965,1815,2854,1658,359,2466,2134,241,1825,5916,733,823,1635,4750,2195,1863,154,1220,2943,536,1386,2143,1421,0,1386,1570,5235,770,3552,1110,1616,1814,2139,1657,427,3475,1417,420,726,662,3228,1886,2031,1957,1736,2872,2550,2632,1689,572,748,1654,2622,3085,1080,2877,2029,665,4932,3745,1632,2236,898,750,3028,2378,399,412,812,2380,630,1861,1396,3752,494,861,3317,1949,2150,2261,2007,2155,1144,2175,5346,2848,862,794,1340,1258,1573,1511,1740,742,778,742,1661,623,2090,2002,2718,3050,364,1058,2088,1125,2373,518,2278,1844,1131,535,2020,2732,1139,1284,1594,2124,1786,1472,1409,571,774,249,581,1323,3923,1164,2007,3260,3821,280,3790,1619,1504,1716,2815,1666,1982,1938,5303,1918,1265,769,999,1610,184,1372,1873,842,1988,3606,3770,244,3576,2243,959,1274,1372,3145,2953,1715,1981,3719,1636,2373,1504,3778,1681,2171,2026,4397,2341,1959
891,4228,4072,613,2733,2750,2900,1864,3140,1732,2220,2850,2233,4653,2145,4801,3411,2950,2355,1745,4213,2899,827,2959,2156,3894,1120,1027,4785,3589,2456,4398,1071,2656,3136,4574,2811,2013,1392,3408,875,2603,2683,3677,1672,2614,1239,932,1353,2529,0,2881,3893,2848,5483,3918,1141,1025,990,1414,2732,2133,1577,2719,1943,2740,1957,1097,881,344,3668,4803,3784,4564,304,2250,2411,3586,4553,5016,3888,1606,3961,2743,3869,4721,3564,4167,2067,2828,4959,4309,2698,2134,2890,4311,2379,3792,1472,4728,2242,2939,4293,3881,909,1784,1123,1092,1898,1112,4004,4779,2940,2872,1434,3793,1330,1317,3051,2820,2856,2820,1418,2701,4432,390,4649,1987,2663,3136,1026,3061,4305,2260,1041,3776,3209,2613,870,1461,3673,2039,1163,1061,971,3403,1263,2649,2852,2648,2659,1652,4900,3677,540,5192,2109,2358,4255,1138,1345,2069,4746,1717,1194,488,3961,1135,2020,2847,3077,224,2394,1226,512,2107,838,4362,4747,2322,4552,1180,3037,1727,1701,4673,1682,3647,973,4475,1121,4304,1664,2066,2993,1382,1105,2435,3301,3272
1784,1675,1203,2297,1839,1229,3635,1131,1645,1236,1060,3757,1186,5172,3588,2292,1916,1932,1476,2019,1660,1982,2202,1464,1305,1341,2760,1858,1886,1036,1772,1845,2876,1790,276,5092,1807,1955,2081,3926,2938,483,1762,1123,1805,1130,2036,2884,1594,1607,2036,0,4411,1910,2585,1365,1789,1856,2136,2058,1840,2651,1885,1852,1613,1219,2531,1929,2256,2000,1114,1904,1274,2011,2340,1146,1330,1032,2000,2117,1335,1739,1092,2016,4711,2212,749,1614,1241,1825,2060,1411,1831,1299,1678,1758,1422,1239,1999,2219,1177,1942,1784,1328,2376,1183,1691,2810,1841,2917,4523,1880,1445,1886,1808,1240,2224,2162,170,1778,1335,1939,2312,1697,1879,2045,1751,3348,1796,2094,2831,1112,1805,1378,2686,1223,2205,1129,2044,1633,1120,1981,2389,2866,2581,850,2060,1165,2028,1782,1655,1927,2390,1124,2370,2293,2998,1478,2257,2414,2155,1372,1848,1479,2025,2439,4480,2661,1962,1843,2036,2261,1710,2033,1915,1424,2213,2074,2238,1443,2043,2985,1542,1742,1976,2178,1815,1094,1755,2186,1809,1805,1972,2955,112,2214,1710,3574,792,391
2902,5316,4614,2872,5072,4869,1069,3206,5286,3073,4282,1124,4398,1660,2209,5000,5557,5572,4694,3787,5300,5237,2778,5105,4495,4982,3203,3069,5297,4968,5032,5485,2780,4995,4281,1581,5149,4075,3434,165,2771,3881,5022,4764,2464,4771,3485,3167,3364,4868,3501,3968,0,5551,5996,5006,3152,3067,2586,3456,5071,1398,3587,5058,4282,4859,2366,3140,2832,3211,4755,5315,4288,5651,3805,4311,4542,4668,5640,5528,4976,2717,4502,5081,950,4919,4472,5255,4128,5167,5471,4821,5026,4472,5318,5399,4634,4880,3515,4927,4389,5582,4491,4968,2952,3126,2630,2634,3960,2821,1367,5291,5086,5527,3445,4880,3372,3360,4194,5419,4975,5159,3461,5040,5520,3256,5162,2024,5002,5735,3109,4148,5215,4599,2511,4863,5548,4770,2619,2676,4760,4100,3421,2770,3151,4490,3461,4805,5191,4987,4998,3695,5098,4764,2945,5704,1656,4697,4437,3396,3387,3492,5258,3598,3236,3015,718,3390,4081,5186,5676,3725,4971,3498,3126,4169,2789,4545,4945,4661,4751,2889,5182,3861,3744,5589,2784,4734,2668,4658,3132,5216,3675,1613,4253,3425,2611,1058,3806,4104
2336,1920,2103,2620,1128,1022,4512,3068,464,3173,1171,4462,1034,6544,3756,4113,956,102,802,1964,1904,152,2525,446,970,1586,2513,2364,2476,1280,1195,2090,2683,861,2213,6464,258,1371,2183,5298,2744,2420,948,932,3491,966,1934,2692,1970,1369,1934,1958,5783,0,3175,733,2165,2362,2688,2205,1127,4023,1965,924,1274,1012,3776,2434,2579,2505,1359,2494,2791,2256,2238,1086,1178,1568,2245,2708,702,3425,1989,106,5480,4032,1962,1859,1328,276,2650,2001,902,964,305,2003,1269,1484,1944,4040,1024,112,3604,1572,2699,3120,2556,2703,1592,2723,5895,2471,465,24,1889,1048,2121,2059,2128,132,1128,28,2210,463,1712,2551,2341,3598,868,551,2637,1474,2032,1043,2827,1468,690,964,2568,3280,856,1732,2143,2672,2334,1801,1958,1000,198,853,583,1872,4211,787,2556,2883,4369,805,4078,2168,2052,2264,2438,2214,2530,2486,5852,2467,1713,294,492,2158,959,1921,2421,1271,2536,3894,4058,769,3864,2792,582,1822,1921,2768,3501,1629,2530,4007,2185,2031,2053,4326,2070,2719,2574,4945,2891,2282
3617,582,1929,3901,2419,1602,5370,2867,1593,2972,2003,5492,2175,7786,5038,3938,1577,1841,2172,3246,91,2020,3806,1412,2248,426,3795,3645,1102,1079,2352,159,3964,2228,2012,7707,2180,2652,3465,5662,4025,2219,2315,1173,3541,2096,3215,3973,3046,2550,3215,1757,6147,1859,0,1313,3241,3643,3969,3487,2420,4387,3247,2291,2556,1592,4281,3716,3861,3787,915,918,2617,325,3519,2088,2273,1384,314,1333,1283,3474,1805,1964,6447,3858,1768,145,2183,2198,622,1826,2270,2242,1626,72,2364,1040,3226,3866,2165,1979,3430,1128,3980,2919,3427,3984,2687,4004,6259,1096,1394,1835,3170,1289,3402,3341,1868,1727,1708,1887,3491,2002,818,3832,971,5084,2235,1748,3918,2055,866,2321,4108,600,2393,2094,3779,3369,1436,2827,3424,3953,3616,1608,3239,2130,2066,2220,1960,3153,4037,1173,3837,1509,4733,2175,3904,3449,3334,2915,1063,3022,3812,3768,6216,3748,2808,2216,1690,3439,2326,3202,3702,2224,3817,3720,3884,2140,3689,4073,1490,3104,3202,636,3551,1428,3491,3833,3261,867,3334,4690,1868,4001,3446,5309,2717,2088
2304,1470,1656,2588,1105,289,4344,2095,647,2200,689,4466,862,5881,3724,3442,919,934,859,1932,1457,886,2493,466,934,1138,2481,2332,2029,833,1037,1642,2651,914,1442,5802,798,1339,2151,4636,2712,1649,1000,376,2829,781,1902,2659,1733,1236,1902,1186,5121,836,2727,0,1928,2330,2656,2173,1106,3361,1933,976,1242,279,3114,2402,2547,2473,912,2046,2166,1808,2205,775,959,896,1797,2260,677,2763,1318,730,5421,3361,1249,1411,870,816,2203,1553,955,928,680,1555,1051,1036,1912,3369,852,926,2933,1124,2667,2147,2024,2671,1373,2691,5233,2023,448,889,1857,414,2089,2027,1356,781,395,808,2178,688,1264,2519,1893,3566,920,1096,2605,742,1584,1007,2794,1020,1196,780,2536,2618,123,1514,2111,2640,2302,1088,1926,794,840,906,646,1840,3540,466,2524,2435,3707,862,3407,2135,2020,1602,1990,1708,2498,2454,5189,2435,1494,834,1038,2126,1011,1889,2389,910,2504,3223,3387,826,3193,2760,544,1790,1888,2320,2839,957,2088,3336,1948,1583,2021,3664,1298,2687,2042,4283,1958,1576
263,3106,2950,547,1869,1524,2357,866,1914,830,1079,2395,1196,4278,2063,3725,2185,2086,1492,936,3090,2035,452,1733,1293,2772,1321,337,3662,2466,1829,3276,1206,1792,2014,4199,1947,872,702,3033,1076,1481,1819,2554,1298,1388,953,1134,212,1665,953,1759,3518,1984,4361,1962,0,335,615,724,1868,1758,436,1855,1079,1514,1582,408,506,478,2545,3680,2661,3442,1257,1109,1340,2463,3431,3894,1932,1231,2838,1879,3818,3644,2441,3045,926,1964,3836,3187,1823,1270,1946,3189,1431,2670,916,3652,1186,2075,3216,2758,626,786,535,1060,757,1246,3630,3657,1714,2008,293,2670,640,628,1929,1956,1630,1956,728,1837,3310,524,3527,1823,1799,2272,1226,1939,3183,1396,936,2654,2345,1387,495,1086,2550,898,1306,1195,1172,2281,977,1423,1988,1784,1795,844,3823,2554,620,4069,1886,1494,3162,1331,655,928,3624,576,504,689,3586,1578,879,1983,2214,1177,1768,950,394,966,463,3270,3670,1458,3476,1315,1811,658,892,3550,1308,2524,457,3383,20,3182,523,1843,1870,693,554,2212,2179,2149
691,4028,3871,412,2532,2550,2700,1664,2939,1531,2019,2650,2032,4453,1944,4600,3211,2750,2155,1544,4012,2698,626,2758,1956,3694,920,826,4584,3388,2255,4197,871,2456,2936,4373,2610,1812,1191,3207,674,2403,2482,3476,1472,2414,1038,732,1152,2328,1038,2680,3692,2648,5283,3718,940,0,789,1213,2532,1932,1376,2518,1742,2540,1756,72,680,143,3467,4602,3583,4363,1342,2049,2211,3385,4352,4815,3688,1405,3760,2542,3668,4520,3363,3967,1866,2628,4758,4108,2497,1933,2689,4111,2178,3592,1272,4528,2042,2738,4092,3680,708,1584,923,891,1698,911,3804,4578,2740,2672,1234,3592,1129,1117,2850,2619,2656,2620,1218,2500,4232,189,4448,1786,2462,2935,825,2860,4104,2059,840,3575,3008,2412,669,1260,3472,1838,962,860,771,3202,1062,2448,2652,2448,2458,1452,4699,3476,340,4991,1909,2157,4054,937,1144,1868,4545,1516,993,287,3760,934,1819,2646,2877,1263,2194,1026,59,1906,637,4162,4546,2122,4352,980,2836,1526,1500,4472,1482,3446,773,4275,920,4104,1463,1866,2792,357,904,2235,3101,3071
448,3239,3082,418,2567,2792,2126,875,3209,742,1776,2249,1893,3664,2080,3812,3480,3495,2189,1333,3223,2732,324,3028,1990,2905,1193,615,3795,2599,2527,3408,1078,2490,2147,3584,2644,1570,980,2418,948,1614,2517,2687,683,2086,1031,1005,910,2362,1047,1892,2903,2682,4494,2929,698,613,0,1002,2566,1143,1133,2552,1777,2782,968,686,378,757,2678,3813,2794,3574,1351,1806,2037,2596,3564,4026,2899,616,2971,2576,3203,3731,2574,3178,1623,2662,3969,3320,2521,1967,3241,3322,2129,2803,1060,3739,1884,2772,3303,2891,498,795,134,932,1455,1118,3015,3789,3009,3450,991,2803,918,906,2062,3342,2898,2654,1006,2534,3443,802,3660,1840,2497,3658,1098,2071,3315,2094,808,2786,3042,2084,165,471,2683,1595,1235,1067,1044,2414,1007,2120,2686,2482,2492,1241,3910,2687,491,4202,1490,2191,3266,1211,933,1415,3756,1521,782,560,2972,1207,1576,2680,3600,1271,2466,1044,672,1664,335,3373,3757,2156,3563,1186,3106,1315,1290,3683,693,2657,172,3486,678,3315,1220,1446,2003,971,115,2066,2312,2282
897,3102,2945,1181,1599,1616,3088,1417,2006,1522,1075,3038,1099,5203,2333,3720,2277,1816,1222,402,3086,1765,1087,1825,1023,2768,1142,925,3658,2462,1322,3271,1259,1522,2010,5123,1677,823,464,3958,1320,1476,1549,2550,2151,1480,419,1268,629,1395,419,1754,4442,1714,4357,2054,824,924,1250,0,1598,2683,527,1585,809,1606,2436,996,1141,763,2541,3676,2657,3437,723,1104,1277,2459,3426,3889,2024,2084,2834,1609,4057,3640,2437,3041,921,1694,3832,3182,1564,1000,1756,3184,1245,2666,58,3648,1109,1805,3212,2754,1261,1469,1215,1280,753,1300,4554,3652,1806,1738,450,2666,606,544,1924,1686,1722,1686,75,1567,3306,809,3522,2174,1529,2002,1213,1934,3178,1126,1403,2649,2075,1479,1130,1940,2084,893,772,1249,963,2276,443,1515,1718,1514,1525,309,3819,2550,1132,4065,3029,1224,3158,796,538,924,3619,873,1092,1063,4081,1043,874,1713,1944,643,1260,416,983,962,1098,3266,3666,1188,3471,1368,1903,384,358,3546,2161,2520,1091,3378,844,3178,614,2986,1866,1281,1234,2771,2175,2145
1984,2553,2396,2268,1,928,4160,2406,1318,2510,912,4110,740,6192,3404,4080,1589,1215,533,1612,2537,994,2173,1136,673,2219,2162,2012,3109,1913,68,2722,2331,192,2081,6112,803,1019,1831,4946,2392,2060,230,1475,3139,792,1582,2340,1618,576,1582,1825,5431,1026,3808,1365,1813,2010,2336,1853,0,3671,1614,269,922,918,3424,2082,2227,2153,1992,3127,2805,2888,1886,827,1004,1910,2877,3340,1335,3073,2285,920,5128,4000,1888,2492,1154,1006,3283,2634,151,667,1068,2635,886,2117,1592,4008,750,1035,3572,2205,2347,2457,2204,2351,1340,2371,5543,3104,1118,1050,1537,1514,1769,1707,1995,998,1034,998,1858,878,2345,2199,2974,3246,185,1314,2285,1380,2629,774,2475,2100,710,791,2216,2928,1395,1481,1791,2320,1982,1727,1606,826,948,200,836,1520,4179,1420,2204,3516,4018,535,4147,1816,1700,1912,3071,1862,2179,2134,5500,2115,1462,766,1255,1806,241,1569,2069,1098,2184,3862,4026,500,3832,2440,1214,1470,1569,3401,3149,1971,2178,3975,1833,2629,1701,3974,1937,2367,2222,4594,2597,2214
1528,3942,3786,1499,3698,3496,1117,1506,3912,1374,2908,1167,3025,2788,1276,4515,4183,4199,3321,2414,3927,3864,1404,3731,3122,3608,2273,1696,4499,3302,3658,4112,1794,3622,2850,2708,3776,2701,2060,1542,2028,2317,3648,3390,1289,3397,2112,2086,1990,3494,2128,2595,2027,4177,5197,3632,1778,1694,1213,2083,3697,0,2214,3684,2908,3486,1875,1766,1458,1837,3382,4516,3497,4278,2431,2938,3169,3300,4267,4730,3602,1248,3675,3708,2327,4435,3278,3881,2755,3794,4672,4023,3652,3099,3945,4025,3260,3506,2141,4442,3015,4209,4007,3594,1578,1427,1256,1648,2586,1834,2139,4493,3712,4153,2071,3507,1998,1986,2765,4045,3602,3785,2087,3666,4146,1883,4363,1035,3628,4361,2179,2775,4019,3225,1524,3490,4174,3396,1246,1103,3386,2727,2316,1783,2124,3117,2088,3432,3818,3613,3624,2321,4613,3391,1572,4905,670,3323,3969,2291,2014,2118,4460,2225,1862,1641,2095,2288,2708,3812,4303,2352,3597,2124,1753,2795,1415,4076,4461,3288,4266,1902,3809,2487,2370,4386,1324,3360,1294,4189,1758,4018,2301,627,2706,2051,1238,984,3015,2985
370,3245,3089,654,2243,1898,2464,1011,2288,975,1453,2503,1570,4386,2171,3818,2559,2460,1866,1116,3230,2409,560,2107,1667,2911,1429,398,3802,2606,2203,3415,1313,2166,2153,4306,2321,1246,763,3141,1184,1620,2193,2693,1405,1762,814,1241,586,2039,830,1898,3626,2358,4500,2935,374,396,722,785,2242,1866,0,2229,1453,1888,1690,469,614,540,2684,3819,2800,3581,1134,1483,1714,2602,3570,4033,2905,1339,2978,2253,3925,3738,2580,3184,1300,2339,3976,3326,2197,1644,2321,3328,1805,2809,844,3745,1560,2449,3310,2898,733,931,586,1168,1132,1354,3737,3796,2088,2382,668,2810,701,689,2068,2330,2005,2330,790,2211,3449,585,3666,1931,2173,2646,1334,2078,3322,1770,1044,2793,2719,1761,603,1194,2690,1272,1181,1303,1280,2420,790,1797,2363,2158,2169,1024,3916,2694,727,4208,1994,1868,3272,1205,716,1302,3763,950,565,796,3694,1443,1253,2357,2588,1054,2142,827,456,1340,570,3379,3764,1833,3569,1422,2185,1032,1073,3690,1415,2664,564,3492,354,3321,87,1950,2009,754,604,2320,2318,2288
2185,2636,3114,2469,307,1449,4361,2607,1474,2712,1550,4311,1262,6393,3606,4459,1967,1113,1054,1814,2620,892,2374,1457,1194,2597,2363,2213,3156,2291,374,2806,2532,498,2602,6313,701,1220,2033,5148,2593,2261,536,1943,3341,1313,1783,2541,1819,777,1783,2347,5632,1092,4186,1744,2014,2211,2537,2055,306,3872,1815,0,1124,1439,3626,2284,2429,2355,2370,2973,3327,2972,2087,1464,1556,2579,2961,3718,1714,3274,2806,960,5330,4379,2409,2575,1710,822,3028,3012,457,1189,1316,2719,1407,2495,1794,4386,1271,933,3950,2583,2548,2659,2405,2552,1542,2572,5744,3150,1476,1068,1738,2059,1970,1909,2517,1143,1555,1120,2059,810,2431,2400,3352,3447,491,1562,2486,1902,3042,1295,2676,2479,608,1312,2418,3129,1867,1682,1992,2522,2184,2248,1807,1348,846,506,1062,1721,4557,1798,2405,3894,4219,1057,4348,2017,1902,2114,3449,2063,2380,2336,5701,2316,1663,664,1503,2007,547,1770,2270,1650,2385,4456,4404,1021,4210,2641,1592,1672,1770,3144,3351,2640,2379,4568,2034,3042,1902,4176,2458,2569,2424,4795,2959,2736
1266,2793,2637,1550,1670,1216,3845,1596,1605,1701,770,3967,887,5382,3164,3366,1876,1892,1292,1233,2778,1835,1455,1424,1093,2459,1974,1340,3350,2154,1630,2963,2090,1593,1701,5302,1747,97,1295,4137,2152,1168,1620,2241,2330,1080,1250,2099,808,1466,1250,1446,4622,1785,4048,1653,1003,1339,1618,1272,1669,2862,1099,1656,0,1206,2615,1411,1510,1482,2232,3367,2348,3129,1554,800,1031,2150,3118,3581,1623,2264,2526,1680,4922,3286,2128,2732,617,1765,3523,2874,1624,1070,1638,2876,1122,2357,1213,3293,877,1876,2858,2445,1629,1648,1394,2111,449,2131,4734,3344,1406,1847,1022,2358,1438,1376,1616,1739,1322,1757,1526,1638,2997,1528,3214,3006,1600,2054,2045,1087,2870,1125,1940,2341,2146,1078,1499,2119,1683,589,1603,2080,1795,1968,1274,1114,1789,1585,1596,1141,3464,1707,1623,3756,3208,1295,3337,1628,1369,1103,3311,1053,1507,1692,4690,1875,570,1784,1996,1475,1569,1247,1398,657,1466,3147,3312,1259,3117,2199,1502,956,1190,3237,2340,2211,1460,3260,1023,2869,1186,3165,1557,1696,1413,3784,1866,1828
2025,2242,2085,2309,1189,10,4065,1816,1006,1921,410,4187,583,5602,3445,3513,1278,1293,826,1653,2226,1245,2214,825,655,1908,2202,2053,2798,1602,1122,2411,2372,1140,1849,5523,1157,1060,1872,4357,2433,1316,1112,1254,2550,481,1623,2380,1454,957,1623,1593,4842,1272,3497,1054,1649,2051,2377,1894,1190,3082,1654,1202,963,0,2835,2124,2268,2194,1681,2816,2496,2577,1926,496,680,1598,2566,3029,1024,2484,1974,1089,5142,3433,1576,2181,591,1175,2972,2322,1181,649,1039,2324,772,1806,1633,3441,573,1303,3005,1894,2388,1868,1745,2392,1094,2412,4954,2792,807,1248,1578,1203,1810,1748,1763,1140,116,1167,1899,1047,2034,2240,2662,3287,1146,1455,2326,463,2353,728,2516,1789,1555,479,2257,2339,1084,1235,1832,2361,2023,1416,1647,515,1199,1132,1005,1561,3612,1108,2245,3205,3428,829,3479,1856,1742,1323,2759,1429,2220,2175,4910,2156,1216,1193,1397,1847,1060,1610,2110,631,2225,3295,3459,793,3264,2481,903,1511,1610,3090,2560,1660,1809,3408,1669,2353,1742,3385,1705,2408,1764,4004,2014,1975
1376,3702,2368,1347,3464,3255,2618,1026,3672,893,2674,2740,2791,4016,2571,2754,3943,3958,3087,2532,3686,3630,1252,3491,2888,3368,2121,1543,3051,2722,3425,3871,2006,3388,2035,3936,3542,2467,1908,2969,1876,1635,3414,3150,497,3157,1959,1933,2107,3260,1975,2354,3311,3580,3750,3392,1626,1542,1060,1930,3464,1634,2397,3450,2674,3245,0,1614,1306,1685,3141,3069,2042,4037,2279,2704,2935,2422,4026,3282,3362,351,2256,3474,3754,2673,2226,3641,2521,3560,3225,2575,3418,2865,3704,3785,3027,3037,1989,2681,2781,3670,2245,3126,1426,946,1104,1860,2353,2046,3422,3045,3472,3913,2320,3266,1846,1834,1948,3805,3361,3552,1935,3432,3906,1730,2916,2331,3394,4121,2026,2534,2969,2992,1736,3249,3940,3156,1094,496,3146,2493,2901,1995,1972,2876,1935,3191,3584,3380,3390,2439,2852,3150,1420,3458,1981,3089,2191,2926,1861,1885,3012,1991,1710,1489,3522,2135,2474,3578,4062,2199,3363,1972,1601,2561,1263,2299,2699,3054,2504,2114,3568,2254,2488,3343,418,2749,1142,2412,1606,2970,2484,1938,2007,1899,1085,2557,1560,1858
618,3955,3799,340,2460,2477,2627,1591,2867,1458,1947,2577,1960,4380,1872,4528,3138,2677,2082,1472,3940,2626,554,2686,1883,3621,847,754,4512,3316,2183,4125,798,2383,2863,4300,2538,1740,1118,3135,602,2330,2410,3404,1399,2341,966,660,1080,2256,966,2608,3620,2575,5210,3645,868,752,716,1141,2459,1860,1304,2446,1670,2467,1684,0,608,71,3395,4530,3510,4291,1270,1976,2138,3313,4280,4743,3615,1333,3688,2470,3596,4448,3291,3894,1794,2555,4686,4036,2424,1860,2617,4038,2106,3519,1199,4455,1969,2666,4020,3608,636,1512,850,819,1625,839,3731,4506,2667,2599,1161,3520,1056,1044,2778,2547,2583,2547,1145,2428,4159,116,4376,1714,2390,2863,752,2788,4032,1987,768,3503,2936,2340,597,1188,3400,1766,890,788,698,3130,990,2376,2579,2375,2386,1379,4626,3404,267,4918,1836,2085,3982,865,1072,1796,4473,1444,920,215,3688,862,1746,2574,2804,1190,2121,953,239,1834,564,4089,4474,2049,4279,907,2764,1454,1428,4400,1409,3374,700,4202,848,4031,1391,1793,2720,1109,832,2162,3028,2998
275,3612,3456,246,2394,2049,1896,1248,2439,1115,1604,1934,1720,4037,1602,4185,2710,2611,2016,1160,3597,2560,54,2258,1817,3278,1168,442,4169,2973,2354,3782,745,2317,2520,3957,2472,1397,807,2792,735,1987,2344,3060,1056,1913,858,832,737,2190,874,2265,3276,2509,4867,3302,525,441,373,829,2393,1517,960,2380,1604,2039,1341,513,0,584,3052,4186,3167,3948,1178,1633,1864,2970,3937,4400,3272,990,3345,2404,3350,4105,2948,3551,1450,2489,4342,3693,2348,1794,2471,3695,1956,3176,888,4112,1711,2600,3677,3264,325,1168,507,599,1282,785,3388,4163,2239,2533,818,3177,745,733,2435,2481,2155,2481,834,2362,3816,630,4033,1362,2324,2797,1073,2445,3689,1921,475,3160,2870,1912,254,845,3056,1422,1063,734,871,2787,834,1947,2513,2309,2320,1068,4284,3061,319,4575,1425,2019,3639,1038,760,1453,4130,1101,609,388,2908,1034,1403,2508,2738,1098,2293,871,500,1491,43,3746,4131,1983,3936,854,2336,1142,1117,4056,1066,3030,357,3859,505,3688,1048,1382,2376,798,489,1751,2685,2656
558,3895,3738,280,2400,2417,2567,1531,2806,1398,1886,2517,1899,4320,1812,4468,3078,2617,2022,1411,3879,2565,493,2625,1823,3561,787,693,4451,3255,2122,4064,738,2323,2803,4240,2477,1679,1058,3074,541,2270,2350,3343,1339,2281,906,599,1019,2195,906,2548,3559,2515,5150,3585,807,691,656,1080,2399,1799,1243,2385,1609,2407,1623,764,547,0,3334,4469,3450,4230,1209,1916,2078,3252,4220,4682,3555,1272,3627,2409,3535,4387,3230,3834,1733,2495,4625,3975,2364,1800,2556,3978,2045,3459,1138,4395,1909,2605,3959,3547,576,1451,790,758,1565,778,3671,4445,2607,2539,1101,3459,996,984,2718,2486,2523,2486,1084,2367,4099,56,4316,1653,2329,2802,692,2727,3971,1926,707,3442,2875,2279,536,1127,3339,1705,829,727,638,3069,929,2315,2519,2315,2325,1318,4566,3343,207,4858,1776,2024,3921,804,1011,1735,4412,1383,860,154,3628,801,1686,2513,2744,1130,2061,892,178,1773,504,4029,4413,1989,4218,847,2703,1393,1368,4339,1349,3313,640,4142,787,3971,1330,1733,2659,1049,771,2102,2968,2938
2630,858,1013,3144,1935,1118,4481,1978,1109,2083,1525,4603,1651,6018,4435,3022,1380,1396,1685,2866,843,1446,3049,928,1770,524,3317,2705,1095,190,1868,1028,3486,1744,1123,5939,1638,2175,2928,4773,3548,1330,1831,588,2652,1611,2883,3495,2441,2072,2883,868,5258,1374,1794,829,2636,2703,2983,2904,1936,3498,2731,1806,2078,1108,3365,2775,3103,2846,0,1113,1701,1194,3187,1610,1795,478,1183,1326,799,2585,899,1480,5558,2942,862,797,1706,1646,1269,910,1785,1764,1142,941,1886,125,2846,2950,1641,1406,2514,213,3223,2030,2538,3507,2209,3527,5370,1089,910,1350,2655,704,3070,3008,1038,1242,1224,1403,3159,1519,1062,2892,959,4194,1751,1558,3441,1577,663,1843,3533,406,1984,1610,2890,2480,952,2349,2946,3476,3138,769,2907,1630,1492,1736,1477,2773,3121,588,3216,1502,3844,1688,2988,2971,3002,2219,1056,2325,2872,3286,5326,3270,2330,1674,1500,3107,1842,2725,2762,1889,3060,2804,2968,1652,2773,3595,1006,2588,2822,1386,2662,538,2602,2917,2656,662,2819,3801,979,3060,2556,4420,1639,1257
3444,1463,1308,3957,2826,1890,5294,2791,2000,2896,2416,5417,2542,7165,5248,3317,2458,2287,2576,3679,972,2337,3862,1819,2661,1307,4208,3518,480,1012,2759,1040,4377,2635,1936,7085,2529,3066,3741,6118,4438,2143,2722,1478,3204,2502,3629,4386,3254,2963,3696,1681,6460,2266,881,1601,3449,3516,3796,3718,2827,4311,3544,2698,2969,1880,3659,3589,3916,3659,879,0,1995,1206,4000,2501,2686,1077,1195,413,1571,4010,1414,2371,6903,3237,1461,1026,2596,2538,157,1205,2676,2655,2033,953,2778,770,3659,3244,2532,2297,2809,858,4036,2843,3351,4398,3100,4418,6571,475,1800,2242,3468,1595,3816,3754,1561,2134,1996,2294,3904,2410,1699,3705,350,5008,2642,2629,4332,2468,245,2734,4346,1050,2874,2501,3704,3293,1724,3240,3837,4367,4029,1300,3652,2521,2383,2627,2368,3586,3416,1479,4030,589,4657,2578,3282,3862,3747,3032,57,3138,3685,4099,6671,4161,3221,2565,2570,3920,2732,3616,3575,2780,3873,3098,3263,2543,3068,4486,1897,3401,3635,274,4077,1352,3415,3211,3469,245,3632,4614,1571,3874,3370,5233,2096,1781
2704,2583,1210,3217,2787,2177,4389,2052,2553,2156,2009,4427,2134,5569,4508,1583,2824,2839,2424,3299,2684,2890,3122,2372,2253,2249,4040,2778,1894,1564,2720,2752,4156,2738,1196,5489,3081,2658,3361,4522,4217,1404,2710,2031,2560,2079,3316,4165,2874,2555,3316,1304,4864,2818,2592,2273,3069,2776,3056,3337,2788,3572,3164,2800,2562,2167,2063,2849,3177,2920,2022,1912,0,2917,3620,2094,2278,1264,2907,2125,2243,2414,1099,2924,5306,1502,1067,2522,2189,2773,2068,1418,2779,2247,2585,2665,2370,1880,3279,1510,2125,2849,1074,1968,3296,2103,2611,3730,2692,4197,4975,1888,2353,2794,3088,2147,3503,3442,1167,2686,2283,2846,3592,2646,2787,2965,1758,4268,2745,3002,4110,2061,1812,2326,3607,2130,3427,2077,2964,2559,2068,2833,3669,4146,3860,1541,3340,2113,2936,2730,2604,3206,1681,2031,3290,2301,3918,2427,1548,3694,3435,2652,1855,2758,2945,3359,5075,3940,2814,3118,2944,3540,2659,3313,2836,2372,3133,1364,1528,2391,1334,4265,2450,3021,3255,2185,2481,1592,2676,1477,3089,1812,3252,3875,1177,3134,2630,4244,518,1020
3570,633,1980,4083,2464,1646,5421,2918,1638,3022,2047,5543,2219,7837,5082,3989,1621,1885,2217,3290,142,2064,3988,1456,2292,477,3839,3689,1153,1130,2396,210,4008,2272,2063,7758,2224,2696,3509,5713,4069,2270,2359,1224,3591,2140,3259,4017,3090,2594,3259,1807,6198,1903,1851,1358,3285,3687,3922,3531,2464,4438,3291,2335,2600,1636,4332,3760,4043,3831,966,969,2668,0,3563,2132,2317,1435,42,1384,1328,3525,1856,2008,6498,3909,1819,196,2227,2242,672,1877,2314,2286,1670,123,2408,1090,3270,3916,2210,2023,3481,1178,4162,2970,3478,4028,2731,4049,6310,1147,1438,1879,3214,1340,3447,3385,1919,1771,1753,1931,3535,2046,869,3876,1022,5134,2279,1792,3962,2099,917,2365,4152,651,2437,2138,3830,3420,1481,2871,3468,3998,3660,1659,3283,2174,2110,2264,2004,3197,4088,1224,3881,1560,4784,2219,3955,3493,3378,2960,1114,3066,3856,3812,6266,3792,2852,2260,1734,3484,2370,3246,3746,2268,4000,3771,3935,2184,3740,4117,1534,3148,3246,687,3601,1478,3542,3884,3305,918,3378,4741,1919,4045,3496,5360,2768,2139
588,3925,3768,310,2430,2447,2597,1561,2836,1428,1916,2547,1929,4350,1842,4498,3108,2647,2052,1441,3909,2595,523,2655,1853,3591,817,723,4481,3285,2152,4094,768,2353,2833,4270,2507,1709,1088,3104,572,2300,2380,3373,1369,2311,936,629,1049,2225,936,2578,3589,2545,5180,3615,837,721,686,1110,2429,1829,1273,2415,1639,2437,1653,794,577,40,3364,4499,3480,4260,0,1946,2108,3282,4250,4712,3585,1302,3657,2439,3565,4417,3260,3864,1763,2525,4655,4005,2394,1830,2586,4008,2075,3489,1168,4425,1939,2635,3989,3577,606,1481,820,788,1595,808,3701,4475,2637,2569,1131,3489,1026,1014,2748,2516,2553,2516,1114,2397,4129,86,4346,1683,2360,2832,722,2757,4001,1956,737,3472,2905,2309,566,1157,3369,1735,859,757,668,3099,959,2345,2549,2345,2355,1349,4596,3373,237,4888,1806,2054,3951,834,1041,1765,4442,1413,890,184,3658,831,1716,2543,2774,1160,2091,923,208,1803,534,4059,4443,2019,4248,877,2733,1423,1398,4369,1379,3343,670,4172,817,4001,1360,1763,2689,1079,801,2132,2998,2968
1462,2156,1999,1746,809,530,3802,1792,920,1897,85,3752,87,5578,3046,3453,1191,1207,470,1254,2140,1026,1652,739,292,1822,1803,1536,2712,1516,742,2325,1973,784,1683,5499,938,661,1473,4333,2034,1255,732,1168,2526,394,1224,1982,1005,578,1224,1428,4818,976,3411,968,1200,1535,1814,1495,810,3058,1201,846,564,520,2811,1607,1706,1678,1595,2730,2435,2491,1528,0,231,1512,2480,2943,938,2460,1888,870,4770,3372,1490,2095,381,956,2886,2236,825,269,953,2238,323,1720,1234,3380,77,1066,2944,1808,1826,1844,1591,1993,645,2013,4930,2706,720,1162,1125,1117,1411,1349,1598,1054,637,948,1500,828,1948,1724,2576,2888,791,1369,1927,402,2267,325,2117,1703,1336,393,1695,2315,998,785,1433,1962,1624,1330,1248,429,980,776,786,1162,3551,1022,1819,3119,3404,473,3418,1458,1342,1299,2673,1249,1704,1776,4886,1757,766,974,1311,1448,681,1211,1594,325,1663,3234,3398,437,3204,2082,817,1058,1211,3003,2536,1574,1656,3347,1220,2267,1289,3361,1540,1892,1609,3980,1953,1817
1231,2758,2217,1515,1142,749,3810,1562,1138,1666,303,3932,420,5347,3130,3331,1410,1425,803,1199,2743,1377,1421,957,625,2424,1939,1306,2930,1734,1075,2928,2056,1117,1666,5268,1289,638,1261,4102,2117,1133,1065,1386,2295,613,1216,2065,774,910,1216,1411,4587,1404,3629,1186,969,1304,1584,1237,1143,2827,1064,1179,845,739,2580,1376,1475,1447,2198,2948,2314,3094,1519,333,0,2116,3083,3161,1156,2229,2106,1221,4887,3251,1709,2698,150,1307,3104,2454,1158,602,1171,2841,656,2322,1178,3258,410,1435,2823,2411,1594,1613,1360,2076,414,2096,4699,2924,939,1380,987,1335,1403,1341,1581,1272,855,1299,1492,1179,2166,1493,2794,2971,1124,1588,2010,620,2485,658,1905,2306,1687,611,1464,2084,1216,554,1568,2045,1760,1548,1240,647,1331,1109,1137,1106,3430,1240,1588,3337,3173,806,3303,1593,1334,1068,2891,1018,1472,1658,4655,1840,535,1325,1529,1440,1014,1212,1363,94,1432,3112,3277,770,3082,2165,1035,921,1155,3222,2305,2177,1425,3225,988,2485,1151,3130,1523,1661,1378,3749,1831,1793
2420,1404,533,2933,1888,1016,4271,1767,1374,1872,1362,4393,1487,5808,4224,2572,1645,1661,1777,2655,1389,1711,2838,1193,1606,1070,3396,2494,1216,886,1820,1574,3323,1697,912,5728,1582,2011,2717,4562,3384,1119,1784,852,2441,1432,2672,3332,2230,1908,2672,657,5047,1640,1915,1094,2425,2492,2772,2694,1889,3287,2521,1759,1914,1006,2915,2565,2892,2636,844,1234,1251,1740,2976,1447,1632,0,1729,1447,1064,2374,421,1745,5347,2492,437,1343,1542,1599,1390,740,1738,1600,1407,1487,1723,968,2635,2500,1478,1671,2064,1057,3012,1819,2327,3446,2045,3363,5159,1210,1174,1616,2444,969,2860,2798,537,1508,1122,1668,2948,1472,1608,2681,1080,3984,1704,1823,3277,1414,1134,1680,3322,952,2248,1430,2680,2269,906,2186,3025,3312,3217,277,2696,1466,1757,1689,1430,2563,2671,853,3006,1623,3634,1780,2538,3050,2791,2008,1177,2115,2661,3075,5116,3107,2167,1618,1765,2896,2012,2669,2551,1725,2849,2354,2518,1610,2323,3432,1271,2377,2612,1508,2451,328,2391,2467,2445,1135,2608,3591,547,2850,2346,4210,1139,757
3528,590,1937,4041,2421,1604,5379,2875,1595,2980,2004,5501,2176,7795,5039,3947,1579,1843,2174,3247,99,2021,3946,1414,2249,434,3796,3647,1110,1087,2354,167,3966,2230,2020,7715,2182,2654,3466,5670,4027,2227,2317,1181,3549,2097,3217,3974,3048,2551,3217,1765,6155,1860,1809,1315,3243,3645,3880,3488,2422,4395,3248,2292,2557,1594,4289,3717,4000,3788,923,927,2625,465,3520,2090,2274,1392,0,1341,1285,3482,1814,1966,6455,3866,1777,154,2185,2199,630,1835,2271,2243,1628,80,2366,1048,3227,3874,2167,1981,3438,1136,4120,2927,3435,3986,2688,4006,6267,1104,1395,1836,3172,1297,3404,3342,1876,1728,1710,1888,3493,2004,827,3834,979,5092,2237,1750,3920,2057,874,2322,4110,608,2395,2096,3788,3377,1438,2828,3426,3955,3617,1616,3241,2132,2067,2222,1962,3155,4045,1181,3838,1517,4742,2177,3912,3450,3335,2917,1071,3023,3814,3769,6224,3750,2809,2218,1691,3441,2327,3204,3704,2225,3957,3728,3892,2141,3698,4074,1492,3105,3204,645,3559,1436,3499,3841,3263,875,3336,4699,1876,4002,3454,5318,2725,2097
3626,1050,1492,4138,2887,2070,6169,2973,2061,3078,2470,6207,2724,7349,5430,3501,2045,2309,2640,3861,559,2487,4044,1880,2843,894,4390,3700,664,1193,2820,627,4559,2696,2118,7269,2648,3248,3923,6302,4620,2325,2782,1660,3386,2563,3810,4568,3436,3145,3878,1863,6644,2326,468,1781,3631,3698,3978,3899,2888,4493,3726,2758,3151,2060,3843,3770,4098,3841,1061,282,2179,792,4182,2556,2868,1259,782,0,1751,4194,1598,2432,7086,3421,1643,613,2651,2665,161,1389,2737,2837,2094,540,2960,952,3841,3428,2714,2447,2993,1040,4218,3025,3533,4580,3282,4600,6755,659,1861,2302,3650,1777,3998,3936,1743,2194,2176,2354,4086,2470,1286,3887,530,5190,2703,2216,4514,2523,425,2916,4528,1068,2861,2562,3885,3475,1904,3422,4019,4549,4211,1482,3834,2598,2533,2688,2428,3768,3600,1661,4211,359,4839,2643,3466,4044,3929,3214,339,3320,3867,4281,6855,4343,3403,2684,2157,4102,2793,3798,3757,2691,4055,3282,3447,2607,3252,4668,1958,3583,3817,456,4261,1534,3597,3395,3651,425,3814,4796,1753,4055,3552,6024,2280,1963
2334,1500,1686,2618,1135,319,4374,2126,677,2230,720,4496,892,5912,3754,3472,949,964,889,1962,1487,916,2523,496,964,1168,2511,2362,2059,863,1067,1672,2681,944,1472,5832,828,1369,2181,4666,2742,1679,1030,406,2859,811,1932,2690,1763,1266,1932,1216,5151,866,2757,30,1958,2360,2686,2203,1136,3391,1963,1006,1272,309,3144,2432,2577,2503,942,2077,2196,1838,2236,805,989,926,1827,2290,0,2793,1348,760,5451,3391,1279,1441,900,846,2233,1583,985,958,710,1585,1081,1066,1942,3399,882,957,2963,1155,2697,2177,2054,2701,1403,2721,5263,2053,478,919,1887,444,2119,2057,1386,811,425,838,2208,719,1294,2549,1923,3596,950,1127,2635,772,1614,1037,2825,1050,1226,810,2566,2648,153,1544,2141,2670,2332,1118,1956,824,870,936,676,1870,3570,496,2554,2466,3737,892,3437,2166,2050,1632,2020,1738,2529,2484,5219,2465,1524,864,1068,2156,1041,1919,2419,940,2534,3253,3417,856,3223,2790,574,1820,1919,2350,2869,987,2118,3366,1978,1613,2051,3694,1328,2717,2072,4313,1988,1606
1025,3439,2719,995,3195,2992,2266,675,3409,542,2405,2389,2521,3922,2220,3105,3680,3695,2817,1910,3423,3360,901,3228,2618,3105,1770,1192,3402,2799,3155,3608,1654,3118,2347,3855,3272,2198,1557,2689,1525,1814,3145,2887,146,2894,1608,1582,1486,2990,1624,2091,3031,3674,4101,3129,1274,1190,709,1579,3194,1283,1710,3180,2405,2982,351,1263,955,1334,2878,3420,2393,3774,1928,2434,2665,2796,3763,3633,3098,0,2608,3204,3474,3024,2578,3378,2251,3290,3576,2927,3149,2595,3441,3522,2757,3003,1638,3032,2512,3705,2596,3091,1074,595,753,1509,2083,1695,3143,3396,3209,3650,1568,3003,1495,1483,2261,3542,3098,3282,1584,3163,3643,1379,3267,1980,3125,3858,1675,2271,3320,2722,1385,2986,3670,2893,742,145,2883,2223,1812,1644,1621,2613,1584,2928,3314,3110,3120,1818,3203,2887,1068,3809,1629,2820,2542,1788,1510,1615,3364,1721,1359,1138,3243,1784,2204,3308,3799,1848,3094,1621,1249,2292,912,2650,3050,2784,2856,1763,3305,1984,1866,3694,76,2857,791,2763,1255,3321,1798,1586,2203,1548,734,2205,1911,2209
2841,1630,106,3354,2426,1608,4926,2189,1600,2293,2016,4964,2141,6106,4645,2258,1871,1886,2176,3077,1730,1936,3259,1419,2260,1296,3817,2915,941,611,2358,1798,3977,2235,1334,6026,2128,2665,3139,5059,4038,1541,2321,1078,3097,2102,3094,3986,2652,2562,3094,1078,5400,1865,1639,1320,2847,2914,3193,3115,2426,3709,2942,2297,2568,1599,2600,2986,3314,3057,1069,959,936,1964,3397,2101,2286,421,1953,1172,1290,2951,0,1971,5843,2178,859,1569,2196,2137,1115,465,2276,2254,1632,1712,2377,927,3057,2185,2132,1896,1750,1015,3433,2240,2748,3867,2699,4017,5512,935,1400,1841,2865,1194,3281,3219,958,1733,1715,1893,3370,2010,1834,3102,805,4405,2241,2049,3931,2068,859,2334,3744,1177,2474,2100,3101,2690,1443,2840,3446,3966,3638,698,3118,2120,1983,2226,1967,2984,2356,1078,3427,1348,4055,2178,2223,3471,3212,2430,902,2536,3082,3496,5612,3761,2821,2164,1990,3318,2332,3091,2973,2379,3270,2039,2204,2143,2009,4086,1496,2799,3033,1232,3018,749,2813,2152,2867,859,3029,4012,969,3271,2767,4781,1036,1179
2230,2026,2209,2514,1017,1127,4406,2652,569,2757,1097,4356,910,6438,3651,4218,1062,208,697,1859,2010,241,2419,552,864,1692,2408,2258,2582,1386,1085,2195,2577,756,2319,6358,153,1266,2078,5193,2638,2526,842,1038,3386,891,1828,2586,1864,1259,1828,2064,5677,106,3281,838,2059,2256,2582,2100,1016,3918,1860,818,1169,1117,3670,2329,2474,2400,1465,2600,2897,2361,2132,1012,1103,1673,2350,2813,808,3319,2095,0,5374,4138,2067,1965,1253,170,2756,2106,797,858,410,2108,1056,1590,1839,4145,920,218,3710,1678,2593,2704,2450,2597,1517,2618,5789,2576,571,130,1783,1154,2016,1954,2234,238,1233,77,2104,357,1818,2445,2446,3492,762,656,2531,1580,2137,937,2721,1573,551,890,2463,3174,961,1657,2037,2566,2229,1907,1852,925,194,748,609,1766,4317,892,2450,2989,4264,699,4184,2062,1947,2158,2543,2108,2425,2381,5746,2361,1638,189,598,2052,853,1815,2315,1197,2430,4000,4164,664,3969,2686,687,1717,1815,2874,3396,1734,2424,4113,2079,2137,1947,4221,2175,2614,2469,4840,2997,2387
3225,5638,5101,3195,5025,5192,1180,3203,5608,3070,4604,1115,4525,1704,1943,5487,5880,5242,4647,4110,5623,5190,3100,5427,4448,5305,3177,3392,5784,4999,4748,5808,2735,4948,4768,2068,5102,4397,3757,699,2815,4013,4975,5087,2952,4906,3531,3276,3686,4820,3531,4291,1231,5140,6483,5328,3474,3390,2909,3779,5024,1720,4191,5010,4235,5182,2853,3463,3155,3534,5078,5802,4775,5974,3834,4634,4703,5155,5963,6016,5298,3205,4990,5034,0,5407,4960,5578,4451,5120,5958,5309,4989,4425,5641,5721,4670,5202,3837,5414,4534,5231,4978,5291,3274,3123,2952,2774,4283,2775,1167,5779,5409,5164,3768,5203,3695,3682,4682,5742,5298,5112,3783,4993,5842,3579,5649,1806,4955,5428,3082,4471,5703,4552,2898,5186,5500,4905,2942,3163,5083,4423,3394,2724,3242,4813,3555,5128,5144,4940,4951,4017,5585,5087,3268,6191,1979,4650,4925,3369,3710,3815,5746,3921,3559,3222,518,3364,4404,5139,5369,3755,4686,3518,3449,4491,3111,5032,5432,4614,5238,2844,5505,4048,4066,6076,3271,5057,2991,5145,3454,5703,4278,1936,4740,3748,2934,1126,4293,4592
3605,3803,2430,4118,4009,3398,5290,2952,3773,3057,3230,5328,3356,6470,5409,80,4044,4059,3646,4200,3903,4109,4023,3592,3475,3469,4940,3679,3114,2784,3942,3971,5057,3959,2097,6390,4301,4136,4262,5423,5118,2304,3931,3251,3461,3300,4217,5066,3775,3777,4217,2181,5764,4038,3812,3493,3970,3677,3957,4238,4010,4472,4065,4022,3783,3388,2964,3750,4078,3821,3242,3132,1559,4137,4521,3315,3500,2484,4126,3345,3462,3315,2319,4144,6207,0,2289,3742,3410,4310,3288,2415,4001,3469,3805,3884,3592,3100,4180,7,3346,4069,475,3188,4197,3004,3512,4631,4021,5098,5876,3108,3573,4014,3989,3367,4404,4342,2011,3906,3505,4066,4493,4182,4007,3866,2978,5169,3966,4222,5011,3282,3032,3548,4508,3350,4647,3299,3865,3460,3289,4162,4570,5047,4761,2761,4241,3335,4156,3951,4140,4107,179,3251,4191,3520,4819,3648,423,4594,4336,3553,3075,3659,3846,4260,5976,4841,4142,4337,4163,4441,3880,4214,3736,3594,4034,239,26,3613,209,5166,3670,3922,4156,3405,3382,2812,3576,352,3990,3032,4152,4776,2069,4035,3531,5145,1419,1921
2077,1633,1477,2590,1797,1187,3927,1424,1603,1529,1018,4050,1144,5465,3881,2585,1874,1890,1434,2312,1618,1940,2495,1422,1263,1299,2810,2151,2190,994,1730,1803,2980,1748,569,5385,1765,1668,2374,4219,3041,776,1720,1082,2098,1088,2329,2988,1887,1565,2329,314,4704,1868,2888,1323,2082,2149,2429,2350,1798,2944,2177,1810,1571,1177,2823,2222,2549,2292,1073,2208,1567,1969,2633,1104,1288,991,1958,2421,1293,2031,1366,1697,5004,2504,0,1572,1199,1783,2364,1714,1789,1257,1636,1716,1380,1197,2292,2512,1135,1900,2076,1286,2669,1476,1984,3000,1702,3020,4816,2184,1404,1844,2101,1198,2516,2454,484,1736,1293,1897,2605,1655,1837,2338,2054,3641,1754,2052,2934,1071,1710,1336,2979,1181,2163,1087,2336,1926,1078,1842,2440,2969,2631,808,2353,1123,1986,1740,1613,2219,2683,1082,2662,2596,3290,1437,2550,2464,2448,1665,2151,1771,2318,2732,4773,2764,1823,1801,1994,2553,1668,2218,2208,1382,2506,2366,2530,1401,2336,3088,1500,2034,2268,2078,2108,1052,2048,2479,2102,1709,2265,3247,425,2506,2003,3866,1085,703
3688,536,1883,3972,2491,1674,5324,2821,1665,2926,2074,5447,2246,7741,5109,3892,1648,1913,2244,3317,45,2091,3878,1484,2319,380,3866,3716,1056,1033,2423,230,4036,2300,1966,7661,2252,2724,3536,5616,4097,2173,2386,1244,3495,2167,3287,4044,3118,2621,3287,1711,6101,1930,1755,1385,3313,3715,4041,3558,2492,4341,3318,2362,2627,1664,4235,3787,3932,3858,869,873,2571,396,3590,2160,2344,1338,386,1287,1355,3428,1760,2036,6401,3812,1723,0,2255,2269,576,1781,2341,2313,1697,144,2436,994,3297,3820,2237,2051,3384,1082,4052,2873,3381,4056,2758,4076,6213,1050,1465,1906,3242,1360,3474,3412,1822,1798,1780,1958,3563,2073,890,3904,925,5038,2306,1820,3990,2126,820,2392,4179,554,2465,2166,3734,3323,1508,2898,3496,4025,3687,1562,3311,2201,2137,2292,2031,3224,3991,1245,3908,1463,4688,2246,3858,3520,3405,2987,1017,3093,3883,3839,6170,3820,2879,2288,1761,3511,2397,3274,3774,2295,3889,3674,3838,2211,3644,4144,1562,3175,3274,591,3505,1382,3445,3787,3333,821,3406,4644,1822,4072,3400,5264,2671,2043
1645,2224,2067,1929,992,599,3985,1824,988,1929,153,3934,270,5610,3229,3521,1260,1275,653,1437,2208,1227,1834,807,475,1890,1986,1720,2780,1584,925,2393,2156,967,1751,5530,1139,844,1656,4364,2217,1323,915,1236,2558,463,1407,2164,1188,760,1407,1496,4849,1254,3479,1036,1383,1718,1997,1678,993,3089,1384,1029,747,589,2842,1790,1889,1861,1663,2798,2476,2559,1710,183,414,1581,2548,3011,1006,2491,1956,1071,4953,3440,1559,2163,0,1157,2954,2304,1008,452,1021,2306,506,1788,1417,3448,260,1285,3012,1876,2008,1876,1774,2176,828,2196,4961,2774,789,1230,1308,1185,1594,1532,1666,1122,705,1149,1683,1029,2016,1907,2644,3071,974,1437,2110,470,2335,508,2300,1771,1537,461,1878,2346,1066,968,1616,2145,1807,1398,1431,497,1181,959,987,1345,3619,1090,2002,3187,3436,656,3486,1640,1525,1330,2741,1432,1886,1959,4918,1940,949,1175,1379,1631,864,1394,1777,508,1846,3302,3466,620,3272,2264,885,1241,1394,3072,2568,1642,1839,3415,1402,2335,1472,3393,1608,2075,1792,4012,2021,1885
2496,2142,2620,2780,847,1253,4672,2918,980,3023,1322,4622,1136,6704,3917,4630,1473,619,922,2125,2126,542,2686,963,1090,2103,2674,2524,2662,1798,914,2312,2843,981,2730,6624,474,1532,2344,5459,2904,2572,1242,1449,3652,1117,2094,2852,2130,1088,2095,2475,5944,598,3692,1250,2325,2523,2848,2366,846,4184,2126,1044,1435,1243,3937,2595,2740,2666,1876,2479,3308,2478,2398,1237,1329,2085,2467,3224,1220,3586,2506,703,5641,4549,2479,2081,1479,0,2534,2518,997,1084,822,2225,1282,2001,2105,4557,1146,502,4121,2089,2859,2970,2716,2864,1853,2884,6056,2656,982,574,2049,1565,2282,2220,2645,649,1359,626,2370,583,1937,2712,2858,3759,988,1068,2798,1639,2548,1163,2987,1985,380,1115,2729,3441,1373,1993,2303,2833,2495,2052,2118,1151,589,973,835,2032,4728,1304,2716,3400,4530,925,4595,2328,2213,2425,2955,2375,2691,2647,6012,2627,1974,437,1009,2319,1191,2082,2582,1422,2696,4411,4575,889,4381,2952,1099,1983,2081,2650,3662,2146,2690,4524,2345,2548,2213,4487,2587,2880,2735,5106,3408,2799
3463,1167,1363,3976,2846,1910,5314,2810,2020,2915,2436,5436,2561,7220,5267,3372,2162,2306,2596,3699,676,2356,3881,1838,2680,1011,4228,3537,536,1031,2778,744,4397,2654,1955,7140,2548,3085,3761,6173,4458,2162,2741,1498,3224,2522,3648,4406,3274,2982,3716,1700,6515,2285,585,1621,3469,3536,3815,3737,2846,4331,3564,2717,2988,1900,3714,3608,3936,3679,899,157,2050,910,4019,2521,2705,1096,900,161,1591,3157,1469,2390,6958,3292,1481,731,2616,2557,0,1260,2696,2674,2052,658,2797,789,3678,3299,2552,2316,2864,877,4055,2862,3370,4417,3119,4437,6626,530,1820,2261,3487,1614,3835,3773,1580,2153,2016,2313,3924,2429,1404,3724,405,5027,2661,2333,4351,2488,300,2754,4366,1070,2894,2520,3723,3312,1744,3260,3857,4386,4048,1320,3672,2540,2402,2646,2387,3606,3470,1498,4049,520,4677,2598,3337,3882,3767,3052,214,3158,3704,4118,6726,4181,3241,2584,2275,3940,2752,3635,3595,2799,3892,3153,3318,2562,3123,4506,1916,3421,3655,293,3234,1371,3434,3266,3488,300,3651,4634,1590,3893,3389,5253,2151,1801
3072,1940,103,3585,2736,1919,4780,2420,1910,2524,2014,4818,2140,5960,4876,2112,2181,2197,2430,3690,2041,2247,3490,1729,2259,1606,3806,3146,1251,921,2669,2109,3975,2545,1564,5880,2439,2664,3752,4913,4036,1772,2632,1388,2951,2084,3707,3984,3265,2561,3707,1309,5254,2175,1950,1630,3460,3145,3424,3728,2737,3940,3555,2607,2567,1909,2454,3217,3545,3288,1380,1269,790,2275,4011,2099,2284,622,2264,1482,1600,2805,209,2281,5698,2032,1073,1879,2194,2447,1425,0,2586,2253,1943,2022,2375,1237,3670,2039,2130,2207,1604,1325,3664,2471,2980,3996,2698,4016,5366,1245,1710,2151,3479,1505,3894,3832,1120,2043,2025,2204,3983,2320,2144,3334,1116,4636,2552,2359,3929,2066,1169,2332,3975,1488,2784,2083,3332,2950,1753,2838,3435,3965,3627,898,3731,2118,2293,2537,2278,3597,2210,1389,3658,1658,4286,2432,2077,3460,3826,3043,1212,3149,3313,3727,5466,3759,2819,2475,2301,3931,2664,3214,3204,2378,3501,1893,2058,2397,1863,4084,1807,3412,3646,1543,2872,949,3044,2006,3480,1170,3643,4243,1182,3502,2998,4635,891,1392
1968,2478,2322,2252,150,853,4144,2390,1243,2495,838,4094,666,6176,3389,4006,1514,1232,458,1597,2462,1011,2158,1062,599,2144,2146,1996,3035,1839,82,2648,2315,118,2006,6096,819,1004,1816,4931,2376,2044,155,1401,3124,717,1566,2324,1602,726,1567,1751,5416,951,3733,1291,1797,1995,2320,1838,151,3656,1598,119,907,843,3409,2067,2212,2138,1917,3053,2731,2813,1870,753,929,1835,2803,3266,1261,3058,2210,846,5113,3926,1813,2417,1079,931,3209,2559,0,593,993,2561,812,2042,1577,3933,675,1051,3498,2130,2331,2442,2188,2336,1325,2356,5528,3029,1043,975,1521,1440,1754,1692,1921,923,959,923,1842,929,2550,2183,2899,3230,34,1239,2270,1306,2554,699,2459,2025,726,716,2201,2913,1320,1465,1775,2305,1967,1653,1590,752,965,126,762,1504,4104,1345,2188,3442,4002,461,3971,1800,1685,1897,2996,1847,2163,2119,5484,2099,1446,783,1180,1791,166,1554,2054,1023,2168,3787,3952,425,3757,2424,1140,1455,1553,3326,3134,1896,2162,3900,1817,2554,1685,3959,1862,2352,2207,4578,2522,2140
1666,2605,2449,1950,540,980,3842,2087,1370,2192,1066,3791,894,5873,3086,3939,1641,1180,586,1294,2589,1129,1855,1189,818,2271,1843,1694,3162,1966,473,2775,2012,549,2274,5794,1041,701,1513,4628,2074,1741,462,1528,2821,844,1264,2021,1300,308,1264,2019,5113,1078,3860,1418,1495,1692,2018,1535,541,3353,1295,585,604,970,3106,1764,1909,1835,2044,3180,2922,2940,1567,981,1056,1962,2930,3393,1388,2755,2337,973,4810,3859,1940,2544,1190,1058,3336,2686,466,0,1120,2688,1040,2169,1274,3866,904,1169,3431,2257,2029,2139,1886,2033,1022,2053,5225,3156,1170,1102,1219,1567,1451,1389,2189,1050,1086,1050,1540,931,2398,1881,3026,2928,501,1366,1967,1433,2682,826,2156,2152,1265,843,1898,2610,1448,1162,1472,2002,1664,1780,1288,879,1082,557,889,1202,4038,1472,1885,3569,3699,588,3828,1497,1382,1594,3123,1544,1860,1816,5181,1797,1143,1077,1308,1488,411,1251,1751,1231,1866,3936,3885,552,3690,2121,1267,1152,1250,3453,2831,2023,1859,4049,1514,2681,1382,3656,2131,2049,1904,4275,2440,2401
2289,1687,1871,2573,1057,789,4465,2836,231,2940,939,4415,801,6292,3710,3880,723,326,807,1918,1672,376,2478,214,920,1354,2467,2317,2244,1048,989,1857,2636,866,1980,6213,568,1325,2137,5047,2698,2188,952,699,3240,733,1888,2645,1718,1222,1888,1725,5532,305,2942,500,1914,2316,2641,2159,1058,3772,1919,928,1228,779,3525,2388,2533,2459,1127,2262,2558,2023,2191,853,945,1335,2012,2475,470,3174,1756,410,5434,3800,1729,1626,1095,586,2418,1768,907,914,0,1770,1036,1251,1898,3807,791,336,3372,1340,2652,2887,2304,2657,1359,2677,5644,2238,232,281,1842,816,2075,2013,1895,172,895,333,2163,641,1480,2504,2108,3552,872,488,2590,1241,1799,993,2780,1235,914,732,2522,3029,623,1499,2096,2626,2288,1568,1911,767,422,858,598,1825,3978,554,2509,2650,4118,809,3845,2121,2006,2013,2205,1963,2484,2440,5600,2420,1480,604,430,2112,963,1875,2375,1039,2490,3661,3826,774,3631,2745,349,1776,1874,2535,3250,1396,2483,3774,1933,1798,2006,4075,1837,2673,2323,4694,2658,2049
3545,952,2299,3829,2347,1530,5585,3201,1521,3306,1931,5708,2103,8156,4966,4308,1505,1769,2100,3174,936,1947,3734,1340,2175,796,3722,3573,1472,1449,2280,87,3892,2156,2346,7043,2108,2580,3392,5877,3953,2553,2243,1101,3875,2023,3143,3901,2974,2477,3143,2091,6362,1786,2170,1241,3169,3571,3897,3414,2348,4602,3174,2218,2484,1520,4650,3644,3788,3714,1284,1288,2986,1287,3447,2016,2200,1736,1276,1703,1211,3808,2158,1892,6662,4228,2130,891,2111,2126,1343,2196,2197,2169,1554,0,2292,1446,3153,4235,2093,1907,3800,1535,3908,3253,3265,3912,2614,3932,6474,1466,1322,1762,3098,1217,3330,3268,2261,1654,1636,1815,3419,1930,746,3760,1341,4807,2163,1676,3846,1983,1236,2248,4036,970,2321,2022,3777,3859,1364,2755,3352,3881,3543,1993,3167,2058,1994,2148,1888,3081,4406,1101,3765,1878,4948,2103,4274,3377,3262,2843,1433,2949,3740,3696,6431,3676,2736,2144,1617,3367,2254,3130,3630,2151,3745,4090,4254,2067,4059,4001,1418,3031,3130,1459,3885,1797,3329,4202,3189,1236,3262,4905,2202,3928,3284,5524,3087,2450
1291,2992,2836,1575,1060,1077,3467,1713,1466,1818,732,3417,560,5499,2712,3565,1738,1277,682,920,2977,1225,1480,1285,483,2658,1469,1319,3549,2353,1020,3162,1638,983,1900,5419,1137,327,1139,4254,1699,1367,1010,1624,2447,941,889,1647,925,855,890,1645,4739,1175,4247,1514,1120,1318,1643,1161,1059,2979,921,1045,230,1067,2732,1390,1535,1461,2432,3566,2547,3328,1193,646,738,2350,3317,3780,1484,2380,2725,1069,4436,3485,2328,2931,816,1155,3722,3073,1014,460,1216,3075,0,2556,900,3492,569,1265,3057,2644,1654,1765,1511,1658,648,1679,4850,3543,1267,1199,844,1663,1077,1015,1815,1146,1183,1147,1165,1027,2494,1506,3413,2553,990,1462,1592,1048,3069,587,1782,2540,1535,940,1524,2236,1544,788,1098,1628,1290,2167,913,975,1179,975,985,827,3663,1568,1511,3955,3325,684,3454,1123,1008,1220,3510,1170,1486,1442,4807,1422,769,1173,1404,1114,958,876,1377,856,1491,3562,3511,649,3316,1747,1363,778,876,3436,2457,2410,1485,3675,1140,3068,1008,3282,1756,1675,1530,3901,2065,2027
3038,734,1420,3551,1938,1121,4889,2385,1112,2490,1521,5011,1693,6426,4842,3430,1383,1398,1691,2764,718,1448,3456,931,1766,400,3313,3112,1253,598,1870,903,3482,1747,1530,6346,1640,2171,2983,5181,3544,1737,1833,691,3059,1614,2734,3491,2848,2068,2734,1275,5665,1377,1952,832,3044,3110,3390,3005,1938,3906,2765,1809,2074,1111,3772,3183,3510,3254,433,1070,2108,1069,3037,1606,1791,885,1058,1484,802,2993,1306,1483,5965,3350,1289,673,1702,1648,1125,1318,1788,1760,1144,816,1882,0,2744,3357,1684,1408,2922,88,3630,2437,2945,3503,2205,3523,5777,1248,912,1353,2688,807,2921,2859,1445,1245,1227,1405,3009,1520,937,3299,1367,4602,1753,1561,3436,1573,1070,1839,3626,281,1986,1612,3298,2887,955,2345,2942,3472,3134,1177,2757,1648,1495,1738,1478,2671,3528,691,3624,1660,4252,1693,3395,2967,2852,2627,1215,2733,3279,3286,5734,3266,2326,1676,1502,2958,1844,2721,3170,1742,3467,3211,3376,1658,3181,3591,1008,2622,2720,1178,3069,946,3010,3324,3063,1070,2852,4209,1387,3468,2964,4828,2046,1664
956,3160,3004,768,1658,1675,2875,1475,2064,1580,1133,2824,1157,5261,2119,3779,2336,1875,1280,138,3144,1823,1145,1883,1081,2826,876,984,3716,2520,1380,3330,1046,1581,2068,5182,1735,881,200,4016,1107,1535,1608,2608,2209,1539,155,1054,688,1453,155,1813,4501,1773,4415,2112,883,982,1308,58,1657,2741,586,1643,867,1665,2494,1055,1199,499,2599,3734,2715,3496,459,1163,1336,2517,3485,3948,2082,2143,2892,1667,3843,3698,2495,3099,980,1753,3890,3241,1622,1058,1814,3243,1303,2724,0,3706,1167,1863,3270,2812,1319,1527,1274,1066,811,1086,4517,3711,1865,1797,509,2724,342,280,1983,1744,1781,1744,134,1625,3364,545,3581,1961,1588,2060,1000,1993,3237,1184,1189,2708,2133,1537,1188,1998,2142,952,506,1035,697,2335,179,1573,1777,1573,1583,368,3877,2608,695,4123,2231,1282,3216,530,274,982,3678,932,1151,849,3868,830,933,1771,2002,379,1319,152,1041,1020,1156,3324,3724,1247,3530,1154,1961,442,94,3604,2219,2578,1150,3437,902,3236,673,2188,1924,1340,1292,2557,2233,2203
3612,3810,2438,4125,4016,3406,5297,2960,3780,3065,3238,5335,3363,6477,5416,73,4051,4067,3653,4207,3911,4117,4031,3599,3482,3476,4948,3686,3121,2791,3949,3979,5064,3967,2105,6398,4309,4143,4269,5430,5126,2312,3939,3258,3469,3308,4224,5073,3782,3784,4224,2188,5772,4045,3820,3500,3977,3685,3964,4246,4017,4480,4073,4029,3790,3396,2972,3757,4085,3828,3249,3139,1566,4145,4528,3323,3507,2492,4134,3352,3470,3323,2326,4151,6215,7,2296,3749,3418,4317,3295,2407,4008,3476,3813,3892,3599,3107,4187,0,3354,4076,482,3195,4204,3012,3520,4639,4029,5105,5884,3115,3580,4021,3996,3375,4412,4350,2018,3913,3512,4074,4500,4190,4014,3874,2985,5176,3974,4229,5019,3290,3039,3556,4515,3358,4654,3306,3872,3468,3297,4169,4577,5054,4769,2768,4248,3342,4163,3959,4148,4115,171,3259,4198,3528,4826,3656,430,4602,4343,3560,3082,3667,3853,4267,5983,4849,4150,4345,4171,4449,3888,4221,3744,3601,4042,246,18,3620,216,5173,3677,3930,4164,3412,3390,2819,3584,359,3997,3040,4160,4783,2076,4042,3538,5152,1426,1928
1400,2233,2076,1684,732,608,3724,1730,998,1835,163,3674,10,5516,2969,3500,1269,1000,393,1177,2217,949,1590,816,215,1899,1726,1522,2789,1593,665,2403,1895,706,1761,5437,861,584,1396,4271,1956,1302,654,1245,2464,472,1146,1904,942,500,1147,1580,4756,898,3488,1045,1138,1521,1752,1418,733,2996,1124,769,487,598,2749,1593,1644,1664,1672,2807,2482,2568,1450,77,169,1590,2558,3020,1015,2398,1965,793,4693,3420,1568,2172,319,879,2963,2314,748,192,1030,2316,260,1797,1157,3427,0,989,2992,1885,1763,1782,1528,1916,583,1936,4868,2784,798,922,1047,1194,1334,1272,1750,1131,714,870,1422,751,2025,1710,2654,2811,713,1186,1850,479,2344,247,2039,1780,1259,471,1633,2253,1075,723,1355,1885,1547,1407,1170,506,903,698,709,1084,3598,1100,1768,3196,3342,395,3471,1380,1265,1237,2751,1187,1689,1699,4824,1679,704,897,1128,1371,603,1134,1580,263,1600,3281,3446,360,3251,2004,894,981,1133,3081,2474,1651,1594,3394,1157,2344,1211,3299,1692,1878,1547,3918,2000,1894
2309,1951,2135,2593,1032,1053,4486,2731,495,2836,1176,4435,990,6517,3730,4144,987,133,776,1938,1936,40,2499,478,944,1617,2487,2337,2508,1312,1100,2121,2656,835,2244,6438,232,1345,2157,5272,2718,2451,922,963,3465,970,1908,2665,1944,1274,1908,1989,5757,112,3206,764,2138,2336,2662,2179,1032,3997,1939,897,1248,1043,3750,2408,2553,2479,1391,2526,2822,2287,2211,1091,1182,1599,2276,2739,734,3399,2020,218,5454,4064,1993,1890,1332,250,2682,2032,876,938,336,2034,1136,1515,1918,4071,999,0,3636,1604,2672,2783,2529,2677,1596,2697,5869,2502,496,88,1862,1079,2095,2033,2159,163,1159,140,2184,436,1744,2524,2372,3572,842,582,2611,1505,2063,1017,2800,1499,594,969,2542,3254,887,1737,2116,2646,2308,1832,1932,1005,86,827,688,1845,4242,818,2529,2914,4343,778,4109,2141,2026,2238,2469,2188,2504,2460,5825,2440,1718,268,523,2132,932,1895,2395,1276,2510,3925,4090,743,3895,2765,613,1796,1894,2799,3475,1660,2503,4038,2158,2062,2026,4300,2101,2693,2548,4919,2922,2313
3299,3497,2124,3812,3703,3093,4984,2647,3467,2752,2924,5022,3050,6164,5104,530,3738,3754,3340,3894,3598,3804,3718,3286,3169,3163,4635,3373,2808,2478,3636,3666,4751,3654,1792,6085,3996,3830,3956,5117,4813,1999,3626,2945,3156,2995,3911,4760,3469,3471,3911,1875,5459,3732,3507,3187,3664,3372,3651,3933,3704,4167,3760,3716,3477,3083,2658,3444,3772,3515,2936,2826,1253,3832,4215,3010,3194,2178,3821,3039,3157,3010,2013,3838,5902,450,1983,3436,3105,4004,2982,2212,3695,3163,3500,3579,3286,2794,3874,457,3041,3763,0,2882,3891,2698,3207,4326,3716,4792,5571,2802,3267,3708,3683,3062,4099,4037,1705,3600,3199,3760,4187,3877,3701,3561,2672,4863,3660,3916,4706,2977,2726,3242,4202,3044,4341,2993,3559,3154,2984,3856,4264,4741,4456,2455,3935,3029,3850,3646,3835,3802,629,2946,3885,3215,4513,3343,496,4289,4030,3247,2769,3354,3540,3954,5670,4536,3837,4032,3858,4136,3574,3908,3431,3288,3728,312,476,3307,281,4860,3364,3616,3850,3099,3076,2506,3271,424,3684,2727,3847,4470,1763,3729,3225,4839,1113,1615
2950,645,1332,3463,1849,1032,4801,2297,1024,2402,1433,4923,1605,6338,4754,3342,1295,1310,1603,2676,630,1360,3368,842,1678,311,3225,3024,1165,509,1782,815,3394,1658,1442,6258,1552,2082,2895,5092,3455,1649,1745,603,2971,1526,2645,3403,2760,1980,2645,1187,5577,1289,1864,744,2955,3022,3302,2917,1850,3817,2677,1721,1986,1022,3684,3095,3422,3166,345,982,2020,981,2949,1518,1703,797,970,1396,713,2904,1218,1394,5877,3261,1201,584,1613,1560,1037,1230,1700,1672,1056,728,1794,470,2656,3269,1596,1320,2833,0,3542,2349,2857,3414,2117,3435,5689,1159,824,1265,2600,719,2833,2771,1357,1157,1139,1317,2921,1432,849,3211,1279,4514,1665,1473,3348,1485,982,1751,3538,193,1898,1524,3210,2799,867,2257,2854,3384,3046,1089,2669,1560,1406,1650,1390,2583,3440,603,3536,1572,4164,1605,3307,2879,2764,2538,1126,2645,3191,3198,5646,3178,2238,1588,1414,2869,1756,2632,3081,1654,3379,3123,3287,1570,3093,3503,920,2534,2632,1090,2981,858,2921,3236,2975,982,2764,4121,1298,3380,2876,4740,1958,1576
323,3198,3042,528,2033,2050,2417,964,2440,928,1508,2455,1533,4339,2124,4154,2711,2250,1655,836,3182,2198,512,2259,1456,2864,1271,118,3754,2558,1756,3368,986,1956,2106,4259,2110,1256,482,3093,790,1573,1983,2646,1358,1914,533,848,539,1828,550,1851,3578,2148,4453,2488,327,116,675,505,2032,1818,961,2018,1243,2040,1643,188,567,259,2637,3772,2753,3534,853,1538,1711,2555,3523,3985,2458,1292,2930,2042,3878,4074,2533,3137,1355,2128,3928,3279,1997,1433,2190,3281,1678,2762,563,4081,1542,2239,3646,2850,0,884,539,1120,1187,1027,3690,3748,2240,2172,620,2762,420,408,2021,2120,2156,2120,509,2001,3402,305,3619,1884,1963,2436,941,2031,3274,1560,997,2746,2508,1913,556,1147,2517,1327,900,976,886,2373,510,1948,2152,1948,1959,743,4253,2646,455,4161,1946,1658,3592,925,436,1357,3716,903,284,403,3647,1224,1308,2147,2377,774,1694,546,175,1395,523,3699,4100,1622,3905,1096,2337,818,792,3642,1368,2616,517,3812,307,3274,1048,1903,1962,473,557,2272,2271,2241
823,2810,2653,1080,2572,2363,2418,80,2779,53,1782,2540,1899,3955,2371,3080,3051,3066,2195,1639,2794,2738,985,2598,1996,2476,1855,897,3366,2170,2532,2979,1739,2496,1717,3876,2650,1575,1262,2710,1609,1184,2522,2258,661,2265,1656,1667,1214,2368,1656,1462,3195,2688,4064,2499,789,896,794,1284,2571,1435,1505,2558,1782,2353,946,968,1040,1039,2249,3384,2265,3145,1960,1812,2043,2167,3134,3597,2469,595,2542,2582,3494,3000,2145,2749,1629,2668,3540,2890,2526,1973,2812,2892,2134,2374,1619,3008,1889,2778,2572,2462,1159,0,465,1593,1460,1780,3306,3360,2580,3021,1428,2374,1200,1188,1632,2913,2469,2659,1289,2540,3014,1085,3230,2131,2502,3229,1760,1642,2886,2099,1470,2357,3048,2263,827,450,2254,1601,2009,1729,1706,1984,1680,2299,2692,2487,2498,1547,3179,2258,1153,3773,1781,2197,2518,2034,1216,992,3327,1099,1064,1222,3263,2281,1582,2686,3170,1880,2471,1653,955,1669,996,2626,3026,2162,2832,1848,2676,1361,1596,3254,671,2228,530,2739,770,2886,1592,1738,1574,1253,484,2357,1782,1853
288,3041,2885,531,2347,2002,2239,807,3011,854,1557,2361,1674,3776,2192,3614,3282,2565,1970,1446,3026,2513,436,2830,1771,2707,1305,727,3598,2402,2308,3211,1190,2271,1949,3696,2425,1350,1092,2530,1060,1416,2297,2489,795,1867,1143,1117,690,2143,1159,1694,3015,2463,4296,2731,478,726,244,1114,2346,1255,914,2333,1557,1993,1080,798,490,869,2480,3615,2596,3377,1463,1587,1818,2398,3366,3828,2701,728,2774,2357,3315,3534,2376,2980,1404,2443,3771,3122,2301,1748,3044,3124,1910,2605,1173,3541,1664,2553,3106,2693,610,727,0,1044,1236,1230,3127,3592,2811,2487,772,2606,1030,1018,1864,3144,2109,2434,1119,2315,3245,914,3462,1952,2277,2750,1210,1874,3118,1874,920,2589,2823,1865,278,584,2485,1376,1348,1179,1156,2216,1119,1901,2467,2263,2273,1353,3712,2490,604,4004,1602,1972,3068,1323,1046,1217,3559,1054,894,673,3084,1320,1357,2461,2692,1384,2246,1156,785,1444,447,3175,3560,1937,3365,1299,2908,1137,1402,3485,805,2459,64,3288,458,3117,1001,1559,1805,1083,19,2178,2114,2084
829,4177,4020,775,2436,2453,1975,1802,2843,1669,2108,1925,1936,4154,1220,4795,3114,2653,2058,1714,4161,2602,608,2662,1859,3843,588,996,4733,3537,2158,4346,146,2359,3085,4497,2514,1742,1361,2673,136,2552,2386,3625,1610,2317,942,687,1290,2232,942,2829,3681,2551,5432,2891,1078,994,927,1383,2435,1669,1602,2422,1646,2443,1894,1067,599,1138,3616,4751,3732,4512,1246,2023,2114,3534,4502,4964,2861,1543,3909,2446,2943,4715,3512,4116,1996,2531,4907,4257,2400,1836,2593,4260,2082,3741,1441,4723,1945,2642,4287,3829,878,1722,1061,0,1828,186,3617,4727,2643,2575,1526,3039,1299,1067,2999,2523,2559,2523,1387,2404,4381,1183,4598,1061,2366,2839,493,2425,4253,1963,124,3724,2912,2316,808,1398,2920,1968,805,135,653,3351,966,2352,2555,2351,2362,1621,4894,2945,702,5140,1308,2061,4233,780,1060,1999,4694,1948,1163,633,2968,775,1949,2550,2780,1166,2097,929,1053,2037,597,4341,4741,2025,4546,255,2740,1459,1670,4621,1620,3595,911,4454,1058,4253,1690,1264,2941,1352,1042,1633,3250,3220
1468,2392,2235,1752,1161,767,4047,1798,1157,1903,322,4170,438,5584,3366,3568,1428,1443,822,1436,2376,1396,1658,976,644,2058,2176,1543,2948,1752,1093,2562,2293,1135,1920,5505,1308,875,1498,4339,2354,1370,1083,1404,2532,631,1453,2302,1011,929,1453,1648,4824,1422,3647,1204,1206,1541,1821,1474,1162,3064,1301,1198,916,757,2817,1613,1712,1684,1831,2966,2551,2728,1756,351,582,1749,2717,3179,1174,2466,2124,1240,5124,3488,1727,2331,168,1325,3122,2473,1176,621,1189,2475,674,1956,1416,3495,429,1453,3060,2044,1832,1850,1597,2313,0,2333,4936,2942,957,1398,1224,1353,1640,1578,1818,1290,873,1317,1729,1198,2184,1730,2813,3208,1142,1606,2247,638,2503,676,2142,1940,1706,630,1701,2321,1234,140,1805,2282,1997,1566,1477,665,1349,1127,1156,1343,3667,1259,1825,3355,3410,824,3540,1830,1571,1305,2910,1255,1710,1894,4892,2077,121,1344,1547,1677,1032,1450,1600,209,1669,3350,3514,789,3319,2402,1053,1158,1392,3240,2542,1810,1662,3462,1226,2503,1388,3367,1760,1898,1615,3986,2068,2054
882,4003,3846,603,2262,2279,2218,2318,2669,1722,1934,2168,1762,4644,1462,4621,2940,2479,1884,1370,3987,2427,817,2488,1685,3669,398,1017,4559,3363,1984,4172,389,2185,2910,4564,2339,1568,1017,3398,331,2377,2212,3451,1662,2143,768,515,1530,2058,768,2655,3883,2377,5258,2717,1131,1015,980,1039,2261,2123,1428,2247,1472,2269,1947,1088,871,1159,3442,4577,3558,4338,1071,1849,1940,3360,4327,4790,2686,1596,3735,2271,3186,4541,3338,3942,1822,2357,4733,4083,2226,1662,2419,4085,1908,3567,1098,4548,1771,2468,4113,3655,899,1775,1114,409,1654,0,3860,4553,2469,2401,1351,2865,955,893,2825,2349,2385,2349,1044,2230,4207,1204,4423,1304,2192,2665,303,2250,4079,1789,533,3550,2738,2142,860,1451,2746,1794,615,378,464,3177,792,2177,2381,2177,2188,1278,4720,2771,530,4966,1692,1886,4059,590,886,1824,4520,1774,1184,461,3211,585,1775,2376,2606,992,1923,755,1074,1863,828,4167,4567,1851,4372,498,2566,1285,1327,4447,1672,3421,964,4280,1111,4079,1515,1649,2767,1373,1095,2018,3076,3046
3331,5745,5143,3302,5501,5299,1243,3310,5715,3177,4711,1280,4828,1385,2314,5529,5986,6002,5124,4217,5730,5667,3207,5534,4925,5411,3548,3499,5827,5106,5462,5915,3106,5425,4811,1305,5579,4504,3864,726,3186,4410,5451,5194,2994,5200,3902,3647,3793,5297,3902,4398,562,5980,6526,5435,3581,3497,3016,3886,5500,1827,4017,5487,4711,5289,2896,3569,3262,3640,5185,5845,4818,6081,4205,4741,4972,5198,6070,6058,5405,3247,5032,5511,769,5449,5002,5684,4558,5597,6001,5351,5455,4902,5748,5828,5063,5309,3944,5456,4818,6012,5021,5398,3381,3230,3059,2847,4390,3146,0,5821,5516,5956,3874,5310,3802,3789,4724,5848,5405,5588,3890,5469,5949,3686,5691,2177,5431,6164,3453,4578,5745,5028,2724,5293,5977,5199,3049,3206,5190,4530,3765,3095,3613,4920,3891,5235,5621,5416,5427,4124,5628,5194,3375,6234,2086,5126,4967,3740,3817,3922,5788,4028,3666,3444,466,3735,4511,5615,6106,4126,5400,3889,3556,4598,3218,5075,5475,5091,5280,3215,5612,4290,4173,6118,3314,5164,3098,5188,3561,5746,4104,2043,4782,3854,3040,1232,4335,4634
3892,1978,922,4404,3288,2471,5599,3239,2462,3344,2878,5637,3004,6779,5696,2931,2734,2749,3038,4510,1487,2799,4310,2281,3123,1822,4670,3966,283,1474,3221,1555,4840,3097,2384,6700,2991,3528,4572,5732,4901,2591,3184,1941,3771,2965,4091,4848,4084,3425,4527,2129,6074,2728,1396,2182,4280,3964,4244,4548,3289,4759,4375,3160,3431,2461,3274,4036,4364,4107,1932,715,1610,1720,4830,2964,3148,1539,1710,928,2152,3625,1028,2833,6517,2851,1892,1541,3059,3000,871,819,3139,3117,2495,1468,3240,1790,4489,2858,2995,2759,2423,1878,4484,3291,3799,4860,3562,4880,6186,0,2263,2704,4298,2057,4278,4216,1940,2596,2578,2756,4367,2872,2214,4153,937,5456,3104,2912,4794,2931,991,3196,4794,2040,3337,2963,4151,3770,2306,3703,4300,4829,4491,1763,4115,2983,2845,3089,2830,4417,3030,1941,4477,321,5105,3041,2897,4324,4210,3863,658,3969,4133,4547,6286,4624,3684,3027,2853,4751,3195,4078,4023,3242,4321,2713,2877,3005,2682,4949,2359,4232,4466,988,3692,1892,3863,2826,4299,991,4462,5062,2002,4321,3818,5454,1710,2212
2258,1455,1638,2542,1026,556,4434,2603,200,2708,908,4384,770,6149,3679,3648,491,486,776,1887,1440,536,2447,19,889,1121,2436,2286,2012,816,958,1625,2605,835,1748,6069,728,1294,2106,4904,2666,1955,921,467,3097,702,1856,2614,1688,1191,1856,1493,5388,465,2710,268,1882,2284,2610,2128,1026,3629,1888,897,1197,546,3990,2357,2502,2428,894,2029,2326,1791,2160,822,914,1103,1780,2243,238,3030,1524,571,5403,3568,1497,1394,1064,737,2186,1536,876,883,232,1538,1005,1019,1867,3575,760,496,3139,1107,2621,2655,2273,2626,1328,2646,5500,2006,0,441,1811,583,2044,1982,1663,333,663,493,2132,610,1247,2473,1876,3520,841,649,2559,1009,1567,962,2749,1003,1074,700,2491,2886,391,1468,2065,2595,2257,1336,1880,736,583,826,568,1794,3746,322,2478,2418,3975,778,3613,2090,1975,1870,1973,1932,2453,2409,5457,2389,1449,764,590,2081,932,1844,2344,1008,2458,3429,3593,743,3399,2714,117,1745,1843,2303,3107,1164,2452,3542,1902,1566,1975,3932,1605,2642,2292,4551,2426,1817
2397,1896,2079,2681,1104,998,4573,3044,440,3149,1147,4523,1010,6605,3818,4089,932,78,864,2026,1880,128,2586,422,1031,1562,2575,2425,2452,1256,1171,2066,2744,923,2189,6526,320,1433,2245,5360,2805,2396,1009,908,3553,942,1996,2753,2031,1345,1996,1934,5845,24,3151,709,2226,2424,2749,2267,1103,4085,2027,985,1336,988,3838,2496,2641,2567,1336,2470,2767,2232,2299,1062,1154,1544,2221,2684,678,3487,1965,130,5542,4008,1938,1835,1304,300,2626,1977,964,1025,281,1979,1245,1460,2006,4016,1000,88,3580,1548,2760,3096,2617,2765,1568,2785,5956,2447,441,0,1950,1024,2183,2121,2104,108,1104,52,2271,524,1688,2612,2317,3660,930,527,2698,1450,2008,1105,2888,1444,666,940,2630,3342,832,1708,2204,2734,2396,1777,2019,976,174,915,559,1933,4187,763,2617,2859,4431,866,4054,2229,2114,2326,2414,2276,2592,2548,5913,2528,1689,356,468,2220,1020,1982,2483,1247,2598,3870,4034,831,3840,2853,558,1884,1982,2744,3563,1605,2591,3983,2246,2007,2114,4388,2046,2781,2636,5007,2867,2258
512,2993,2836,797,1756,1411,2607,1308,1800,1413,965,2645,1082,4528,2313,3611,2072,1973,1378,823,2977,1921,702,1619,1179,2659,1563,540,3549,2353,1716,3162,1456,1679,1900,4449,1833,758,906,3283,1326,1367,1706,2441,1547,1275,840,1383,98,1551,840,1645,3768,1871,4248,1848,293,539,865,928,1755,2008,142,1741,966,1401,1832,611,756,682,2432,3567,2548,3328,1143,995,1226,2350,3317,3780,1818,1481,2725,1765,4068,3531,2328,2932,812,1851,3723,3073,1710,1156,1833,3075,1318,2557,803,3538,1072,1961,3103,2645,876,1360,728,1310,644,1496,3880,3543,1601,1895,0,2557,843,831,1815,1843,1517,1843,932,1724,3196,728,3413,2073,1686,2158,1476,1825,3069,1283,1186,2540,2231,1274,745,1336,2437,784,1192,1445,1384,2167,864,1309,1875,1671,1681,730,3710,2441,870,3956,2136,1380,3049,1217,859,513,3510,462,708,939,3836,1464,765,1869,2100,1064,1654,837,598,852,713,3156,3557,1345,3362,1564,1697,545,779,3437,1557,2411,706,3269,313,3069,230,2093,1757,896,747,2462,2066,2036
2622,1097,1280,2907,1650,594,4596,2092,824,2197,1008,4718,1134,6133,4043,3289,1096,1111,1400,2251,1081,1161,2812,643,1253,763,2800,2650,1653,457,1583,1266,2970,1459,1237,6053,1353,1658,2470,4887,3031,1444,1546,303,2766,1078,2221,2978,2052,1555,2221,982,5372,1090,2352,544,2247,2649,2975,2492,1651,3612,2252,1522,1561,584,3492,2721,2866,2792,536,1671,1967,1432,2524,1094,1278,592,1421,1884,514,2700,1013,1195,5672,3209,976,1036,1189,1362,1827,1177,1501,1247,857,1179,1370,661,2231,3216,1125,1121,2781,749,2986,2144,2343,2990,1692,3010,5484,1647,625,1066,2176,0,2408,2346,1152,958,700,1118,2497,1234,1102,2838,1517,3885,1466,1274,2924,1060,1208,1326,3114,644,1699,1077,3005,2594,485,1832,2430,2959,2621,800,2245,1113,1207,1451,1192,2158,3388,303,2842,2060,3959,1403,3254,2454,2339,1921,1614,2027,2817,2773,5441,2754,1813,1389,1215,2445,1557,2208,2708,1372,2823,3070,3235,1367,3040,3078,721,2109,2208,1944,2776,653,2407,3183,2267,1208,2340,3916,1094,3006,2361,4535,1753,1371
940,3144,2988,1224,1642,1659,3131,1460,2049,1564,1117,3081,1142,5246,2376,3763,2320,1859,1264,445,3129,1808,1129,1868,1065,2810,1185,968,3701,2505,1364,3314,1302,1565,2052,5166,1719,865,92,4000,1363,1519,1592,2593,2194,1523,462,1311,672,1438,462,1797,4485,1757,4399,2097,867,966,1292,114,1641,2725,570,1628,852,1649,2478,1039,1184,806,2584,3719,2700,3480,765,1147,1320,2502,3469,3932,2067,2127,2877,1652,4099,3683,2480,3084,964,1737,3875,3225,1606,1042,1799,3227,1288,2708,172,3690,1151,1848,3255,2797,1303,1512,1258,1322,796,1342,4597,3695,1849,1781,493,2709,0,587,1967,1729,1765,1729,118,1610,3348,851,3565,2217,1572,2045,1256,1977,3221,1169,1446,2692,2118,1522,1173,1982,2126,936,814,1291,1006,2319,486,1558,1761,1557,1568,352,3862,2593,1175,4108,3072,1267,3201,839,580,966,3662,916,1135,1106,4124,1086,917,1756,1986,686,1303,459,1026,1004,1140,3308,3709,1231,3514,1411,1946,427,401,3589,2204,2563,1134,3421,887,3220,657,3028,1909,1324,1277,2814,2217,2188
973,3177,3020,978,1674,1692,2861,1492,2081,1597,1150,2811,1174,5278,2106,3796,2352,1892,1297,477,3161,1840,1162,1900,1098,2843,862,1001,3733,2537,1397,3346,1032,1598,2085,5198,1752,898,124,4033,1093,1552,1624,2625,2226,1556,125,1041,704,1470,142,1830,4518,1790,4432,2129,899,999,1325,146,1674,2758,602,1660,884,1682,2511,1071,1216,485,2616,3751,2732,3512,445,1180,1353,2534,3502,3964,2099,2160,2909,1684,3829,3715,2512,3116,997,1770,3907,3258,1639,1075,1831,3260,1320,2741,204,3723,1184,1880,3287,2829,1336,1544,1290,1052,828,1072,4630,3727,1882,1814,526,2741,62,0,2000,1761,1798,1761,150,1642,3381,531,3598,1947,1604,2077,986,2010,3253,1201,1176,2724,2150,1554,1205,2015,2159,969,492,1021,683,2352,102,1590,1794,1590,1600,384,3894,2625,905,4140,2218,1299,3233,517,28,999,3694,949,1168,836,3854,816,950,1788,2019,366,1336,138,1058,1037,1173,3341,3741,1264,3547,1141,1978,459,434,3621,2236,2595,1167,3454,919,3253,690,2174,1941,1356,1309,2544,2250,2220
1954,1845,1033,2467,2009,1399,3805,1301,1815,1406,1230,3927,1356,5342,3758,2098,2086,2102,1646,2189,1830,2152,2372,1634,1475,1511,2930,2028,1716,1206,1942,2015,3046,1960,446,5262,1977,2125,2251,4096,3108,653,1932,1293,1692,1300,2206,3054,1764,1777,2206,170,4581,2080,2415,1535,1959,2026,2306,2228,2010,2822,2055,2022,1783,1389,1977,2099,2426,2170,1284,1734,1081,2181,2510,1316,1500,1087,2170,1947,1505,1625,922,2186,4881,2018,579,1784,1411,1995,1890,1241,2001,1469,1848,1928,1592,1409,2169,2025,1347,2112,1590,1498,2546,1353,1861,2980,2011,3087,4693,1710,1615,2056,1978,1410,2394,2332,0,1948,1505,2109,2482,1867,2049,2215,1581,3518,1966,2264,3001,1282,1635,1548,2856,1393,2375,1299,2214,1803,1290,2151,2559,3036,2751,1020,2230,1335,2198,1952,1825,2097,2197,1294,2540,2123,3168,1648,2064,2584,2325,1542,1678,1649,2195,2609,4650,2831,2132,2013,2206,2431,1880,2203,2085,1594,2383,1880,2044,1613,1849,3155,1712,1912,2146,2008,1702,1264,1925,1993,1979,1635,2142,3125,58,2384,1880,3744,598,269
2390,1788,1971,2674,1179,890,4566,2936,332,3041,1039,4516,902,6393,3811,3981,824,153,663,2019,1772,203,2579,314,1020,1454,2568,2418,2344,1148,1247,1958,2737,966,2081,6313,395,1425,2238,5148,2798,2288,1053,800,3341,834,1988,2746,1819,1420,1988,1826,5633,132,3043,601,2014,2416,2742,2260,1178,3873,2020,1029,1329,880,3626,2489,2634,2560,1227,2362,2659,2124,2292,954,1046,1436,2113,2576,570,3274,1857,238,5534,3900,1830,1727,1196,413,2518,1869,1008,1014,172,1871,1137,1352,1999,3908,892,163,3472,1440,2753,2988,2405,2757,1460,2778,5744,2339,333,108,1943,916,2176,2114,1996,0,996,160,2264,600,1580,2605,2209,3652,973,418,2691,1342,1900,1094,2881,1336,741,832,2623,3130,724,1600,2197,2726,2389,1669,2012,868,250,958,451,1926,4079,655,2610,2751,4219,666,3946,2222,2107,2114,2306,2064,2585,2541,5701,2521,1581,431,360,2212,1064,1975,2475,1139,2590,3762,3926,630,3732,2846,450,1877,1975,2636,3351,1497,2584,3875,2034,1899,2107,4176,1938,2774,2424,4795,2759,2150
1908,2126,1969,2192,1073,500,3949,1700,890,1805,294,4071,466,5486,3329,3397,1161,1177,710,1537,2110,1129,2098,709,539,1792,2086,1936,2682,1486,1006,2295,2256,1024,1732,5407,1041,944,1756,4241,2317,1199,996,1137,2434,364,1507,2264,1338,841,1507,1477,4726,1155,3380,938,1533,1935,2261,1778,1074,2966,1538,1086,847,490,2719,2007,2152,2078,1565,2700,2380,2461,1810,380,564,1482,2450,2913,908,2368,1857,973,5026,3317,1460,2065,475,1059,2856,2206,1065,533,923,2208,656,1690,1517,3324,457,1186,2889,1778,2272,1752,1629,2276,978,2296,4838,2676,690,1131,1462,1087,1694,1632,1647,1023,0,1050,1783,931,1918,2124,2546,3171,1030,1339,2210,346,2237,612,2399,1673,1439,363,2141,2223,968,1118,1716,2245,1907,1300,1531,399,1083,1016,889,1444,3496,992,2128,3089,3312,712,3363,1740,1625,1207,2643,1313,2103,2059,4794,2040,1099,1077,1281,1731,944,1494,1994,515,2109,3179,3343,677,3148,2364,787,1395,1494,2973,2444,1543,1693,3292,1553,2236,1626,3269,1589,2292,1647,3888,1898,1859
2307,1948,2132,2592,1095,1050,4484,2729,492,2834,1200,4433,1062,6515,3728,4141,984,130,774,1936,1933,180,2497,475,942,1614,2485,2335,2505,1309,1162,2118,2654,833,2241,6436,230,1343,2155,5270,2716,2448,920,960,3463,994,1906,2663,1942,1336,1906,1986,5755,28,3203,761,2137,2334,2660,2177,1094,3995,1937,895,1246,1040,3748,2406,2551,2477,1388,2523,2819,2284,2209,1114,1206,1596,2273,2736,731,3397,2017,77,5452,4061,1990,1887,1356,248,2679,2029,874,936,333,2031,1298,1512,1916,4068,1052,140,3633,1601,2671,2781,2528,2675,1620,2695,5867,2499,493,52,1860,1076,2093,2031,2156,160,1156,0,2182,435,1740,2523,2369,3570,840,579,2609,1502,2060,1015,2798,1496,628,992,2540,3252,884,1760,2114,2644,2306,1829,1930,1028,226,825,686,1843,4239,815,2527,2912,4341,776,4106,2139,2024,2236,2466,2186,2502,2458,5823,2438,1741,266,520,2130,930,1893,2393,1300,2508,3922,4086,741,3892,2763,610,1794,1892,2796,3473,1657,2501,4035,2156,2059,2024,4298,2098,2691,2546,4917,2920,2310
822,3026,2870,1106,1524,1541,3013,1342,1931,1446,999,2963,1024,5128,2258,3645,2202,1741,1146,327,3011,1690,1011,1750,947,2692,1067,850,3583,2387,1246,3196,1184,1447,1934,5048,1601,747,389,3882,1245,1401,1474,2475,2076,1405,344,1193,554,1320,344,1679,4367,1639,4281,1979,749,848,1174,365,1523,2607,452,1510,734,1531,2360,921,1066,688,2466,3601,2582,3362,647,1029,1202,2384,3351,3814,1949,2009,2759,1534,3981,3565,2362,2966,846,1619,3757,3107,1488,924,1681,3109,1170,2590,307,3572,1033,1730,3137,2679,1185,1393,1140,1204,678,1224,4479,3577,1731,1663,375,2591,531,469,1849,1611,1647,1611,0,1492,3230,733,3447,2099,1454,1927,1138,1859,3103,1051,1328,2574,2000,1404,1055,1864,2008,818,696,1173,888,2201,368,1440,1643,1439,1450,234,3744,2475,1057,3990,2954,1149,3083,721,462,848,3544,798,1017,988,4006,968,799,1638,1868,568,1185,341,908,886,1022,3190,3591,1113,3396,1293,1828,309,283,3471,2085,2445,1016,3303,769,3102,539,2910,1791,1206,1159,2696,2099,2070
1962,2378,2481,2246,679,759,4139,2384,841,2489,829,4088,643,6170,3383,3912,1334,358,429,1591,2282,306,2152,824,597,1964,2140,1990,2854,1658,612,2467,2309,488,1912,6091,218,998,1810,4925,2371,1969,575,1310,3118,623,1561,2318,1597,899,1561,1657,5410,256,3553,1110,1792,1989,2315,1832,680,3650,1592,550,901,749,3403,2061,2206,2132,1737,2872,2637,2633,1864,744,836,1945,2622,3085,1080,3052,2116,150,5107,3832,1719,2237,986,236,3028,2378,529,591,682,2380,789,1862,1571,3839,652,346,3404,1950,2326,2436,2182,2330,1249,2350,5522,2848,843,280,1516,1426,1748,1686,1827,510,866,228,1837,0,2173,2178,2718,3225,495,818,2264,1146,2409,670,2453,1845,616,622,2195,2907,1233,1390,1770,2299,1961,1559,1585,658,260,480,341,1498,4011,1164,2182,3261,3996,431,3878,1794,1679,1891,2815,1841,2157,2113,5478,2094,1371,254,760,1785,585,1548,2048,929,2163,3694,3858,396,3663,2418,959,1449,1547,3146,3128,2006,2156,3806,1812,2409,1680,3953,1768,2346,2201,4572,2428,2046
2906,851,1526,3190,1601,784,4958,2455,775,2560,1184,5080,1418,6495,4327,3535,1046,1062,1354,2535,835,1112,3095,594,1537,695,3084,2934,1371,703,1534,1020,3253,1410,1600,6416,1304,1942,2754,5250,3314,1807,1497,354,3128,1277,2504,3262,2335,1839,2504,1344,5735,1040,2070,495,2530,2932,3258,2776,1602,3975,2536,1472,1845,774,3877,3005,3150,3076,782,1187,2213,1186,2808,1270,1562,990,1176,1602,465,3062,1412,1146,6035,3455,1384,790,1365,1311,1242,1423,1451,1531,808,934,1653,906,2515,3462,1408,1072,3027,995,3269,2506,2519,3274,1976,3294,5847,1365,575,1016,2459,470,2692,2630,1514,908,890,1069,2780,1184,0,3121,1240,4168,1417,1224,3207,1237,1135,1610,3397,890,1649,1276,3139,2957,618,2116,2713,3243,2905,1246,2528,1396,1158,1402,1142,2442,3633,354,3126,1778,4321,1357,3500,2738,2623,2097,1332,2203,3101,3057,5803,3037,2097,1340,1166,2728,1507,2492,2992,1656,3106,3316,3481,1321,3286,3362,672,2393,2491,1359,3138,1051,2583,3429,2550,1136,2623,4278,1456,3290,2538,4897,2314,1704
502,3839,3682,224,2344,2361,2511,1475,2750,1342,1830,2461,1844,4264,1756,4412,3022,2561,1966,1355,3823,2509,437,2569,1767,3505,731,637,4395,3199,2066,4008,682,2267,2747,4184,2421,1623,1002,3018,486,2214,2294,3287,1283,2225,850,543,963,2139,850,2492,3503,2459,5094,3529,751,636,600,1024,2343,1743,1187,2329,1554,2351,1568,708,492,779,3278,4413,3394,4174,1153,1860,2022,3196,4164,4626,3499,1216,3571,2353,3479,4331,3174,3778,1677,2439,4569,3920,2308,1744,2500,3922,1989,3403,1083,4339,1853,2549,3903,3491,520,1395,734,702,1509,722,3615,4389,2551,2483,1045,3403,940,928,2662,2430,2467,2431,1029,2311,4043,0,4260,1597,2274,2746,636,2672,3915,1870,652,3386,2819,2224,480,1071,3283,1649,773,671,582,3014,873,2259,2463,2259,2269,1263,4510,3287,151,4802,1720,1968,3866,748,955,1679,4356,1327,804,98,3572,745,1630,2457,2688,1074,2005,837,695,1717,448,3973,4357,1933,4163,791,2647,1337,1312,4283,1293,3257,584,4086,732,3915,1274,1677,2603,993,715,2046,2912,2882
3341,1654,1198,3854,2646,1696,5876,2689,1820,2793,2236,5914,2362,7056,5145,3208,2091,2106,2396,3577,1163,2156,3759,1639,2480,975,4028,3415,371,831,2578,1231,4197,2455,1834,6976,2348,2885,3639,6008,4258,2040,2541,1298,3104,2322,3448,4206,3152,2783,3594,1578,6350,2085,1072,1407,3347,3414,3693,3615,2647,4209,3442,2517,2789,1686,3550,3486,3814,3557,685,392,1886,1397,3897,2321,2506,977,1386,605,1377,3901,1304,2191,6793,3127,1361,1218,2416,2357,548,1096,2496,2474,1852,1144,2597,575,3557,3135,2352,2116,2699,664,3933,2740,3248,4217,2920,4237,6462,365,1620,2061,3365,1414,3636,3574,1460,1953,1802,2113,3724,2230,1891,3602,0,4905,2461,2269,4151,2288,140,2554,4244,856,2694,2321,3601,3190,1530,3060,3657,4186,3849,1200,3472,2340,2203,2447,2188,3484,3306,1298,3927,780,4555,2398,3173,3682,3567,2930,335,3036,3582,3996,6562,3981,3041,2384,2210,3818,2552,3435,3473,2599,3770,2989,3153,2363,2959,4306,1717,3299,3533,521,3968,1249,3313,3102,3367,140,3529,4512,1471,3771,3267,5731,1986,1681
1601,4659,4502,1680,3341,3358,1014,2223,3748,2090,3013,964,2841,3194,259,5232,4019,3558,2963,2642,4643,3506,1380,3566,2764,4325,1493,1768,5215,4019,3063,4828,1050,3264,3567,3558,3418,2647,2096,2189,1131,3034,3291,4107,2005,3222,1847,1592,2062,3136,1847,3312,2720,3456,5914,4349,1850,1766,1699,2118,3340,1136,2507,3326,2550,3348,2316,1839,1371,1910,4098,5233,4214,4994,2150,2928,3019,4016,4984,5446,4319,1964,4391,3350,1983,5151,3994,4598,2901,3436,5389,4739,3305,2741,3498,4742,2986,4223,2176,5159,2850,3546,4723,4311,1650,2143,1973,1090,2733,1091,2657,5209,3548,3480,2430,4223,2034,1972,3482,3428,3464,3428,2122,3308,4863,1955,5080,0,3271,3744,1398,3491,4735,2868,1214,4206,3816,3220,1580,1820,4103,2873,1710,1040,1558,3833,1870,3256,3460,3256,3266,2549,5330,4107,1607,5622,1018,2965,4685,1685,1965,2835,5176,2853,1935,1538,2007,1680,2854,3454,3685,2071,3002,1834,1825,2941,1369,4793,5177,2930,4983,1160,3644,2364,2598,5103,2041,4077,2011,4906,1831,4735,2594,975,3423,2124,1954,1035,3732,3702
2003,2720,2356,2287,184,888,4179,2425,1278,2530,872,4129,700,6211,3424,4040,1549,1197,493,1632,2497,977,2192,1096,633,2179,2180,2031,3069,1873,117,2682,2350,152,2040,6131,785,1038,1850,4965,2411,2079,190,1435,3158,752,1601,2359,1637,761,1601,1785,5450,1176,3768,1325,1832,2029,2355,1872,185,3690,1632,84,942,878,3443,2102,2246,2172,1952,3087,2765,2848,1905,787,964,1870,2837,3300,1295,3092,2245,880,5147,3960,1848,2452,1114,906,3243,2594,34,627,1400,2595,846,2076,1611,3968,710,1017,3532,2165,2366,2476,2223,2370,1359,2390,5562,3063,1078,1152,1556,1474,1788,1726,1955,1227,994,958,1877,894,2515,2218,2934,3265,0,1273,2304,1340,2589,734,2494,2060,692,750,2235,2947,1355,1500,1810,2339,2001,1687,1625,786,930,160,796,1539,4139,1380,2223,3476,4036,495,4006,1835,1720,1931,3030,1881,2198,2154,5519,2134,1481,749,1215,1825,201,1588,2088,1058,2203,3822,3986,460,3792,2459,1174,1489,1588,3228,3168,1931,2197,3935,1852,2588,1720,3994,1897,2386,2242,4612,2556,2174
2354,1752,1936,2638,1122,854,4530,2571,296,2676,1004,4480,866,6357,3775,3945,213,477,872,1983,1737,632,2544,279,985,1418,2532,2382,2309,1113,1054,1922,2701,931,2046,6278,815,1390,2202,5112,2762,2252,1017,764,3305,798,1953,2710,1784,1287,1953,1790,5597,561,3007,565,1979,2381,2706,2224,1123,3837,1984,993,1293,844,3590,2453,2598,2524,1192,2327,2623,2088,2256,918,1010,1400,2077,2540,535,3239,1822,667,5499,3865,1794,1692,1160,833,2483,1833,972,979,328,1835,1102,1316,1963,3872,856,592,3437,1405,2718,2623,2370,2722,1424,2742,5709,2303,297,537,1907,880,2140,2078,1960,429,960,589,2228,706,1545,2570,2173,3617,937,0,2656,1306,1864,1058,2845,1300,1170,797,2587,3094,688,1564,2161,2691,2353,1633,1976,832,679,923,664,1890,4044,619,2574,2716,4183,874,3910,2186,2071,2078,2270,2028,2549,2505,5665,2485,1545,852,472,2177,1028,1940,2440,1104,2555,3726,3891,839,3696,2810,414,1841,1939,2600,3315,1461,2548,3839,1998,1863,2071,4140,1902,2738,2388,4759,2724,2114
971,4095,3938,693,2354,2371,2308,2410,2761,1811,2026,2257,1854,4733,1552,4713,3032,2571,1976,1655,4079,2519,907,2580,1777,3761,133,1107,4651,3455,2076,4264,478,2277,3003,4653,2431,1660,1109,3488,421,2470,2304,3543,1752,2235,860,605,1622,2150,860,2747,3973,2469,5350,2809,1221,1105,1070,1131,2353,2213,1520,2340,1564,2361,2037,1177,961,1248,3534,4669,3650,4430,1164,1941,2032,3452,4419,4882,2778,1686,3827,2364,3276,4633,3430,4034,1914,2449,4825,4175,2318,1754,2511,4178,2000,3659,1190,4640,1863,2560,4205,3747,989,1864,1203,499,1746,519,3950,4645,2561,2493,1444,2957,1047,985,2917,2441,2477,2441,1136,2322,4299,1294,4515,1394,2284,2757,0,2343,4171,1881,622,3642,2830,2234,950,1541,2838,1886,517,468,342,3269,884,2269,2473,2269,2280,1562,4812,2863,620,5058,1782,1979,4151,492,978,1916,4612,1866,1274,551,3300,282,1867,2468,2698,1084,2015,847,1164,1955,918,4259,4659,1943,4464,587,2658,1377,1611,4539,1762,3513,1053,4372,1201,4171,1607,1739,2859,1462,1185,2108,3168,3138
1428,2352,2195,1712,1120,727,4007,1758,1116,1863,282,4129,398,5544,3326,3528,1388,1403,782,1396,2336,1355,1618,935,603,2018,2136,1502,2908,1712,1053,2522,2253,1095,1863,5465,1267,835,1458,4299,2314,1330,1043,1364,2492,591,1413,2262,971,889,1413,1608,4784,1382,3607,1164,1166,1501,1780,1434,1121,3024,1261,1157,876,717,2777,1573,1672,1644,1791,2926,2510,2687,1716,311,542,1709,2677,3139,1134,2426,2084,1199,5084,3448,1687,2291,128,1285,3082,2432,1136,580,1149,2435,634,1916,1376,3455,388,1413,3020,2004,1792,1810,1556,2273,611,2293,4896,2902,917,1358,1184,1313,1600,1538,1778,1250,833,1277,1688,1158,2144,1690,2773,3168,1102,1566,2207,0,2463,636,2102,1899,1666,590,1661,2281,1194,751,1765,2242,1957,1526,1436,625,1309,1087,1116,1303,3627,1218,1785,3315,3370,784,3500,1790,1531,1265,2870,1215,1669,1854,4852,2037,732,1304,1507,1637,992,1410,1560,168,1629,3310,3474,748,3279,2362,1013,1118,1352,3200,2502,1770,1622,3422,1186,2463,1348,3327,1720,1858,1575,3946,2028,1990
3239,1255,1256,3752,2592,1642,5090,2586,1766,2691,2182,5212,2308,7113,5043,3265,2038,2053,2342,3475,1218,2103,3657,1585,2427,921,3974,3313,428,778,2525,1286,4143,2401,1731,7033,2295,2832,3537,6066,4205,1938,2488,1245,3000,2268,3395,4152,3050,2729,3492,1476,6407,2032,1127,1354,3245,3312,3591,3513,2593,4107,3340,2464,2735,1632,3607,3384,3712,3455,632,245,1943,1452,3795,2267,2452,872,1441,659,1323,2933,1362,2137,6850,3184,1257,1272,2363,2304,300,1153,2442,2421,1799,1199,2544,522,3454,3192,2298,2063,2756,610,3831,2638,3146,4164,2866,4184,6519,422,1567,2008,3263,1361,3582,3520,1356,1900,1749,2060,3670,2176,1459,3500,121,4803,2408,2215,4098,2234,0,2500,4142,803,2641,2267,3499,3088,1477,3006,3603,4133,3795,1096,3418,2287,2149,2393,2134,3382,3363,1245,3825,835,4453,2345,3230,3628,3513,2828,390,2934,3480,3894,6619,3928,2987,2331,2157,3716,2499,3382,3371,2546,3668,3046,3210,2309,3016,4252,1663,3197,3431,416,3010,1147,3210,3159,3264,0,3427,4410,1366,3669,3165,5029,2043,1577
1247,2948,2792,1531,1067,1084,3475,1669,1474,1774,739,3425,567,5455,2719,3521,1745,1284,690,928,2932,1233,1436,1293,491,2614,1476,1275,3504,2308,1027,3118,1646,990,1856,5375,1145,282,1146,4209,1707,1323,1017,1632,2403,948,897,1655,881,863,897,1601,4694,1182,4203,1522,1076,1273,1599,1168,1066,2934,877,1053,186,1074,2687,1346,1490,1416,2387,3522,2503,3283,1201,654,746,2305,3273,3735,1492,2336,2680,1077,4443,3440,2283,2887,772,1162,3678,3029,1021,468,1224,3031,713,2512,907,3448,577,1273,3012,2600,1610,1721,1467,1666,604,1686,4806,3498,1274,1206,800,1671,1084,1022,1771,1154,1190,1154,1173,1035,2502,1462,3369,2561,997,1470,1600,1056,3024,0,1790,2495,1543,947,1479,2191,1552,744,1106,1635,1297,2123,921,983,1186,982,993,835,3619,1576,1519,3911,3281,692,3410,1130,1016,1175,3466,1125,1442,1450,4763,1430,725,1181,1412,1121,966,884,1332,812,1447,3518,3466,656,3272,1755,1371,733,884,3392,2413,2366,1441,3630,1096,3024,964,3238,1712,1631,1486,3857,2021,1983
705,4042,3886,676,2559,2577,1655,1678,2966,1546,2034,1693,2059,4453,1343,4615,3238,2777,2182,1591,4027,2725,484,2785,1983,3708,711,872,4599,3403,2282,4212,269,2483,2950,4374,2637,1827,1237,2549,260,2417,2510,3491,1486,2441,1066,771,1167,2355,1066,2695,3693,2675,5297,3014,955,871,804,1260,2559,1546,1391,2545,1769,2567,1771,943,475,1014,3482,4617,3598,4378,1369,2146,2238,3400,4367,4830,2984,1420,3775,2569,3067,4535,3378,3982,1881,2655,4773,4123,2524,1960,2716,4125,2205,3606,1318,4542,2069,2765,4107,3695,755,1598,938,124,1712,310,3316,4593,2767,2699,1248,3607,1175,1163,2865,2646,2683,2646,1264,2527,4246,1060,4463,1185,2489,2962,617,2875,4119,2086,0,3590,3035,2439,684,1275,3044,1853,929,259,776,3217,1089,2475,2679,2475,2485,1498,4714,3491,635,5006,1184,2184,4069,904,1191,1883,4560,1531,1039,566,2667,898,1834,2673,2904,1290,2221,1052,930,1921,473,4176,4561,2149,4366,378,2863,1582,1547,4487,1496,3461,787,4289,935,4118,1478,1141,2807,1228,919,1510,3115,3086
3030,563,1412,3543,1929,1112,4880,2377,1103,2482,1513,5002,1685,6418,4834,3421,1525,1390,1682,2756,547,1440,3448,922,1757,229,3305,3104,1082,589,1862,732,3474,1738,1522,6338,1632,2162,2974,5172,3535,1729,1825,682,3051,1605,2725,3483,2840,2060,2725,1267,5657,1369,1781,823,3035,3102,3382,2997,1930,3897,2757,1801,2066,1102,3764,3174,3502,3245,425,899,2100,898,3029,1598,1782,877,887,1314,793,2984,1298,1474,5957,3341,1281,502,1693,1639,954,1310,1779,1751,1136,645,1874,550,2736,3349,1675,1400,2913,638,3622,2429,2937,3494,2196,3514,5769,1077,904,1345,2680,799,2912,2850,1437,1237,1218,1397,3001,1512,766,3291,952,4594,1745,1696,3428,1565,847,1831,3618,0,1978,1604,3290,2879,946,2337,2934,3463,3126,1168,2749,1640,1486,1730,1470,2663,3520,683,3616,1489,4243,1685,3387,2959,2844,2618,1044,2724,3271,3278,5726,3258,2318,1668,1638,2949,1836,2712,3161,1733,3459,3203,3367,1649,3172,3583,1000,2613,2712,1007,3061,938,3001,3316,3055,847,2844,4200,1378,3460,2956,4819,2038,1656
2075,2277,2460,2359,792,872,4252,2497,820,2602,942,4201,756,6283,3496,4025,1312,458,542,1704,2261,285,2265,803,710,1943,2253,2103,2833,1637,724,2446,2422,601,2025,6204,93,1111,1923,5038,2484,2082,688,1288,3231,736,1674,2431,1710,1012,1674,1770,5523,437,3532,1089,1904,2102,2428,1945,793,3763,1705,663,1014,862,3516,2174,2319,2245,1716,2851,2750,2612,1977,857,948,1924,2601,3064,1059,3165,2229,353,5220,3945,1832,2216,1098,215,3007,2357,642,704,661,2359,902,1841,1684,3952,765,325,3517,1929,2438,2549,2295,2443,1362,2463,5635,2827,821,413,1628,1405,1861,1799,1940,488,978,430,1950,202,2151,2290,2697,3338,608,907,2377,1259,2388,783,2566,1824,0,735,2308,3020,1212,1503,1882,2412,2074,1672,1697,771,239,593,454,1611,4124,1143,2295,3240,4109,544,3990,1907,1792,2004,2794,1954,2270,2226,5591,2206,1484,57,848,1898,698,1661,2161,1042,2276,3806,3971,509,3776,2531,938,1562,1660,3124,3241,1985,2269,3919,1924,2388,1792,4066,1881,2459,2314,4685,2541,2159
2166,1776,1620,2450,1331,152,4207,1958,1310,2063,552,4329,724,5744,3587,3304,1414,1597,968,1795,1761,1382,2356,1129,797,1442,2344,2194,2303,1137,1263,1946,2513,1281,1304,5664,1294,1202,2014,4499,2574,1511,1253,699,2692,1,1764,2522,1596,1099,1765,1049,4984,1576,3002,1030,1791,2193,2518,2036,1332,3224,1796,1344,1105,142,2977,2265,2410,2336,1216,2321,2029,2112,2068,637,822,1134,2101,2534,1000,2626,1509,1226,5284,3224,1112,1715,732,1312,2477,1857,1323,791,1343,1859,914,1340,1775,3231,715,1607,2796,1429,2529,2010,1886,2534,1236,2554,5095,2298,1111,1552,1719,738,1952,1890,1219,1444,258,1303,2040,1184,1588,2382,2168,3429,1288,1760,2468,604,1853,870,2657,1324,1692,0,2399,2481,619,1376,1973,2503,2165,951,1788,656,1336,1273,1142,1702,3403,789,2386,2710,3570,970,3270,1998,1883,1465,2265,1571,2361,2317,5052,2297,1357,1330,1701,1989,1202,1752,2252,773,2366,3086,3250,935,3055,2622,1040,1653,1751,2221,2702,1195,1950,3199,1810,1852,1883,3527,1161,2550,1905,4146,1820,1438
282,3358,3202,253,2401,2056,2246,994,2446,862,1611,2368,1728,3783,1770,3931,2717,2618,2024,1168,3343,2567,158,2265,1825,3025,1028,450,3915,2719,2362,3528,912,2325,2266,3704,2479,1404,815,2538,782,1733,2351,2807,802,1920,866,840,744,2197,882,2011,3023,2517,4614,3048,532,448,120,837,2400,1263,968,2387,1611,2046,1087,520,213,591,2798,3933,2914,3694,1185,1641,1872,2716,3683,4146,3018,736,3091,2411,3323,3851,2694,3298,1458,2497,4089,3439,2355,1802,2479,3441,1963,2922,895,3858,1718,2607,3423,3011,332,915,254,766,1290,953,3135,3909,2246,2540,826,2923,753,740,2181,2488,2163,2488,841,2369,3562,637,3779,1530,2331,2804,933,2191,3435,1928,643,2906,2877,1919,0,591,2803,1430,1070,902,878,2533,842,1955,2521,2316,2327,1075,4030,2807,326,4322,1609,2026,3385,1045,768,1535,3876,1108,617,395,3091,1042,1411,2515,2746,1106,2300,879,507,1498,169,3493,3877,1991,3682,1021,2343,1150,1124,3803,812,2777,292,3606,512,3435,1055,1566,2123,806,235,2185,2431,2402
880,3294,3137,850,3050,2847,2122,530,3264,397,2260,2244,2376,3659,2075,3250,3535,3550,2672,1765,3278,3215,756,3083,2473,2960,1625,1047,3850,2654,3010,3463,1510,2973,2202,3579,3127,2053,1412,2413,1380,1668,3000,2742,211,2749,1463,1437,1342,2846,1479,1946,2898,3529,4549,2984,1130,1045,564,1434,3049,1138,1565,3036,2260,2837,496,1118,810,1189,2733,3868,2538,3629,1783,2289,2520,2651,3618,4081,2954,145,3026,3059,3198,3169,2629,3233,2106,3145,4024,3374,3004,2450,3296,3377,2612,2858,1493,3177,2367,3560,2741,2946,930,450,608,1364,1938,1550,3010,3844,3064,3505,1423,2858,1350,1338,2116,3397,2953,3137,1439,3018,3498,1234,3714,1835,2980,3713,1530,2126,3370,2577,1240,2841,3526,2748,597,0,2738,2078,1668,1499,1476,2468,1439,2783,3169,2965,2976,1673,3348,2742,923,4257,1484,2674,2687,1643,1365,1470,3811,1576,1214,992,2967,1639,2059,3164,3654,1703,2949,1476,1104,2147,767,2795,3195,2639,3001,1618,3160,1839,1722,3738,221,2712,646,2908,1110,3370,1653,1442,2058,1403,589,2060,2056,2337
2225,1771,1954,2509,993,805,4401,2442,535,2547,875,4351,737,6228,3646,3963,807,822,747,1854,1755,774,2414,354,856,1437,2403,2253,2327,1131,925,1940,2572,802,2064,6149,686,1261,2073,4983,2633,2014,888,783,3176,669,1824,2581,1654,1158,1824,1809,5468,724,3026,583,1850,2252,2577,2095,994,3708,1855,864,1164,795,3461,2324,2469,2395,1210,2345,2642,2106,2127,789,881,1418,2096,2558,553,3110,1840,618,5370,3883,1812,1710,1031,704,2501,1851,843,850,568,1854,972,1335,1834,3890,727,814,3455,1423,2588,2494,2240,2593,1295,2613,5580,2321,336,777,1778,899,2011,1949,1979,669,911,696,2099,576,1563,2440,2192,3488,808,985,2526,1191,1882,929,2716,1318,1084,668,2458,2965,0,1435,2032,2562,2224,1604,1847,703,728,794,534,1761,4062,637,2445,2734,4054,750,3929,2057,1942,1949,2288,1899,2420,2376,5536,2356,1416,722,926,2048,899,1810,2311,975,2426,3745,3909,714,3714,2681,432,1712,1810,2619,3186,1480,2419,3858,1869,1882,1942,4011,1920,2609,2259,4630,2742,2132
1328,2252,2095,1612,1020,626,3907,1658,1016,1763,181,4029,298,5444,3226,3428,1288,1303,681,1295,2236,1255,1517,835,503,1918,2036,1402,2808,1612,953,2421,2152,995,1779,5364,1167,735,1357,4199,2214,1230,943,1264,2392,491,1312,2161,870,788,1312,1508,4684,1282,3507,1064,1065,1401,1680,1334,1021,2924,1161,1057,775,616,2677,1473,1572,1544,1691,2826,2410,2587,1616,211,442,1608,2576,3039,1034,2326,1984,1099,4984,3348,1586,2191,28,1185,2982,2332,1036,480,1049,2334,534,1816,1275,3355,288,1313,2920,1904,1691,1710,1456,2173,511,2193,4796,2802,817,1258,1084,1213,1500,1438,1678,1150,733,1177,1588,1057,2044,1590,2672,3068,1002,1465,2107,498,2363,536,2002,1799,1565,489,1561,2181,1094,0,1665,2142,1857,1426,1336,525,1209,987,1015,1203,3526,1118,1685,3215,3270,684,3399,1690,1431,1165,2769,1115,1569,1754,4752,1937,632,1203,1407,1536,892,1309,1460,68,1528,3209,3374,648,3179,2261,913,1017,1252,3100,2402,1670,1522,3322,1085,2363,1248,3227,1619,1758,1475,3846,1928,1913
1066,3981,3825,787,2240,2258,2620,2296,2647,1906,1912,2569,1740,4827,1864,4600,2918,2458,1863,1541,3966,2406,1001,2466,1664,3647,371,1201,4538,3342,2120,4151,790,2164,2889,4748,2318,1547,996,3582,733,2356,2110,3429,1846,2122,746,917,1509,1956,746,2634,4067,2356,5236,2695,1315,1199,1164,1018,2240,2307,1407,2226,1450,2248,2131,1272,1055,1090,3420,4556,3536,4317,1050,1827,1919,3338,4306,4769,2665,1780,3714,2250,3588,4520,3316,3920,1801,2336,4712,4062,2114,1641,2397,4064,1886,3545,1076,4527,1750,2446,4092,3634,1083,1959,1298,811,1632,831,4262,4532,2448,2380,1330,2844,934,872,2804,2327,2364,2327,1022,2208,4185,1136,4402,1706,2170,2643,517,2229,4058,1767,934,3529,2716,2120,1044,1635,2725,1773,0,780,192,3156,770,2156,2360,2156,2166,1449,4698,2749,714,4944,2094,1865,4038,25,865,1803,4499,1753,1368,645,3612,338,1754,2354,2585,970,2059,733,1258,1841,1012,4145,4546,1830,4351,899,2544,1264,1498,4426,1856,3400,1148,4258,1295,4057,1494,2051,2745,1557,1279,2420,3054,3024
933,4054,3897,654,2313,2330,2269,2369,2720,1773,1985,2219,1813,4694,1514,4672,2991,2530,1935,1422,4038,2478,868,2539,1736,3720,449,1068,4610,3414,2036,4223,10,2236,2962,4615,2390,1619,1068,3449,382,2428,2263,3502,1714,2194,819,566,1581,2108,819,2706,3934,2428,5309,2768,1182,1066,1031,1090,2312,2174,1479,2298,1523,2320,1998,1139,922,1210,3493,4628,3609,4389,1122,1900,1991,3411,4378,4841,2738,1647,3786,2322,3237,4592,3389,3993,1873,2408,4784,4134,2277,1713,2470,4136,1959,3618,1149,4600,1822,2519,4164,3706,950,1826,1165,460,1705,51,3911,4604,2520,2452,1402,2916,1006,944,2876,2400,2436,2400,1095,2281,4258,1255,4474,1355,2243,2716,354,2302,4130,1840,584,3601,2788,2193,911,1502,2797,1845,666,0,515,3228,843,2228,2432,2228,2239,1329,4771,2822,582,5017,1743,1938,4110,642,937,1876,4571,1825,1235,512,3262,636,1826,2427,2657,1043,1974,806,1125,1914,879,4218,4618,1902,4423,549,2617,1336,1378,4498,1724,3472,1015,4330,1162,4130,1566,1700,2818,1424,1146,2069,3127,3097
874,3790,3633,596,2049,2066,2464,2105,2456,1714,1721,2414,1549,4636,1709,4408,2727,2266,1671,1350,3774,2214,809,2275,1472,3456,196,1009,4346,3150,1771,3959,635,1972,2698,4556,2126,1355,804,3390,558,2164,1999,3238,1655,1930,555,659,1317,1844,555,2442,3875,2164,5045,2504,1124,1008,972,826,2048,2115,1215,2034,1259,2056,1940,1080,864,899,3229,4364,3345,4125,858,1636,1727,3147,4114,4577,2473,1588,3522,2058,3432,4328,3125,3729,1609,2144,4520,3870,2013,1449,2206,3872,1694,3354,885,4335,1558,2255,3900,3442,892,1767,1106,655,1441,676,4106,4340,2256,2188,1138,2652,742,680,2612,2136,2172,2136,831,2017,3994,944,4210,1550,1979,2452,342,2038,3866,1576,779,3337,2524,1929,853,1444,2533,1581,192,624,0,2964,579,1964,2168,1964,1975,1257,4507,2558,523,4753,1836,1674,3846,167,673,1611,4307,1561,1176,454,3457,163,1562,2162,2393,779,1710,542,1067,1650,820,3954,4354,1638,4159,744,2352,1072,1306,4234,1665,3208,956,4066,1104,3866,1302,1793,2554,1365,1087,2162,2862,2833
3143,2042,669,3656,2837,2020,5021,2490,2012,2595,2085,5059,2210,6202,4947,2353,2283,2298,2587,3378,2142,2348,3561,1830,2329,1708,4119,3217,1352,1023,2770,2210,4046,2646,1635,6122,2540,2734,3440,5154,4107,1842,2733,1490,3193,2514,3395,4055,2953,2631,3395,1380,5496,2277,2051,1732,3148,3215,3495,3417,2838,4010,3244,2709,2638,2010,2696,3288,3615,3359,1481,1370,1078,2376,3699,2170,2354,723,2365,1584,1701,3047,558,2382,5939,2273,1160,1981,2265,2549,1526,877,2688,2323,2044,2123,2446,1339,3358,2280,2201,2308,1845,1427,3735,2542,3050,4169,2768,4086,5608,1347,1812,2253,3167,1606,3583,3521,1260,2145,2127,2305,3671,2421,2246,3404,1217,4707,2653,2461,4000,2137,1271,2402,4045,1589,2886,2512,3403,3192,1855,2909,3748,4035,3940,0,3419,2189,2394,2638,2379,3286,2452,1490,3729,1759,4357,2590,2319,3773,3514,2731,1314,2838,3384,3798,5708,3830,2890,2576,2402,3620,2744,3392,3274,2448,3572,2135,2299,2554,2104,4155,1908,3100,3335,1644,3114,1051,3114,2248,3168,1271,3331,4314,1270,3573,3069,4876,1132,1480
1074,3278,3122,876,1702,1719,2759,1594,2108,1698,1251,2709,1202,4916,2004,3897,2380,1919,1324,579,3263,1867,1090,1927,1125,2945,761,1102,3835,2639,1424,3448,930,1625,2186,4836,1779,999,226,3671,992,1653,1652,2727,1935,1583,24,939,806,1497,40,1931,4156,1817,4533,2156,1001,1100,1252,248,1701,2396,704,1687,911,1709,2220,1173,1144,384,2718,3853,2834,3614,344,1288,1380,2636,3603,4066,2126,1869,3011,1711,3728,3817,2614,3218,1098,1797,4009,3359,1666,1102,1858,3361,1347,2842,306,3824,1211,1907,3389,2931,1172,1646,1386,951,930,971,4402,3829,1909,1841,627,2843,163,102,2101,1788,1825,1789,252,1669,3482,430,3699,1846,1632,2104,884,2111,3355,1228,1074,2826,2177,1581,1133,1724,2186,1070,390,920,582,2453,0,1617,1821,1617,1627,486,3996,2727,803,4242,2116,1326,3335,415,95,1100,3796,1050,1269,734,3752,714,1051,1815,2046,264,1363,37,552,1138,1101,3442,3843,1291,3648,1039,2005,561,535,3723,1945,2697,1268,3555,1021,3354,791,2073,2043,1458,1368,2442,2351,2322
2181,1727,1910,2465,949,828,4357,2398,491,2503,830,4307,693,6184,3602,3919,763,778,703,1810,1711,730,2370,310,812,1393,2359,2209,2283,1087,881,1896,2528,758,2020,6105,642,1217,2029,4939,2589,2227,844,739,3132,625,1779,2537,1610,1114,1780,1765,5424,757,2982,539,1805,2208,2533,2051,949,3664,1811,820,1120,818,3417,2280,2425,2351,1166,2301,2598,2062,2083,745,837,1374,2051,2514,509,3066,1796,574,5326,3839,1768,1666,987,660,2457,1807,799,806,524,1810,928,1291,1790,3846,683,788,3411,1379,2544,2450,2196,2548,1251,2569,5536,2277,292,733,1734,855,1967,1905,1935,625,934,652,2055,532,1519,2396,2147,3443,764,940,2482,1147,1838,885,2672,1274,1040,623,2414,2921,662,1391,1988,2518,2180,1608,1803,0,684,749,490,1717,4018,593,2401,2690,4010,706,3885,2013,1898,1905,2244,1855,2376,2332,5492,2312,1372,678,882,2004,855,1766,2267,930,2381,3701,3865,670,3670,2637,388,1668,1766,2575,3142,1435,2375,3814,1825,1838,1898,3967,1876,2565,2215,4586,2698,2088
2223,2038,2221,2507,1010,1139,4399,2645,581,2750,1090,4349,903,6431,3644,4230,1074,220,690,1852,2022,46,2412,564,857,1704,2401,2251,2594,1398,1078,2207,2570,748,2331,6351,146,1258,2070,5185,2631,2538,835,1050,3379,884,1821,2579,1857,1251,1821,2076,5670,198,3293,850,2052,2249,2575,2093,1009,3910,1853,811,1162,1129,3663,2322,2466,2392,1477,2612,2909,2373,2125,1004,1096,1686,2362,2825,820,3312,2107,304,5367,4150,2080,1977,1246,163,2768,2118,790,851,422,2121,1049,1602,1832,4158,913,86,3722,1690,2586,2697,2443,2590,1510,2610,5782,2588,583,174,1776,1166,2008,1946,2246,250,1245,226,2097,350,1830,2438,2458,3485,755,668,2524,1592,2149,930,2714,1585,544,883,2455,3167,973,1650,2030,2559,2222,1919,1845,918,0,740,602,1759,4329,904,2443,3001,4257,692,4196,2055,1940,2151,2555,2101,2418,2374,5739,2354,1631,182,610,2045,846,1808,2308,1190,2423,4012,4176,656,3981,2679,699,1710,1808,2886,3389,1746,2417,4125,2072,2149,1940,4214,2187,2607,2462,4833,3009,2399
1908,2418,2261,2192,300,793,4084,2330,1182,2434,777,4034,605,6116,3328,3945,1454,993,398,1536,2402,941,2097,1001,538,2084,2086,1936,2974,1778,232,2587,2255,8,1946,6036,853,943,1755,4870,2316,1984,95,1340,3063,657,1506,2264,1542,948,1506,1690,5355,891,3673,1230,1737,1934,2260,1778,300,3595,1538,171,846,783,3348,2006,2151,2077,1857,2992,2670,2753,1810,692,869,1775,2742,3205,1200,2997,2150,785,5052,3865,1753,2356,1019,871,3148,2498,150,532,932,2500,751,1982,1516,3873,615,981,3437,2070,2271,2381,2128,2275,1264,2295,5467,2968,983,915,1461,1379,1693,1631,1860,862,899,863,1782,743,2210,2123,2839,3170,115,1178,2209,1245,2494,639,2399,1965,778,655,2140,2852,1260,1405,1715,2244,1906,1592,1530,691,895,0,701,1444,4044,1284,2128,3381,3942,400,3911,1740,1625,1836,2936,1786,2103,2058,5424,2039,1386,835,1120,1730,106,1493,1993,962,2108,3727,3891,365,3696,2364,1079,1394,1493,3266,3073,1836,2102,3840,1757,2494,1625,3898,1802,2292,2147,4518,2462,2079
2123,1847,2030,2407,840,948,4299,2545,390,2650,1098,4249,804,6331,3544,4039,882,314,590,1752,1831,365,2312,373,757,1513,2301,2151,2403,1207,772,2016,2470,649,2140,6252,556,1159,1971,5086,2531,2347,735,858,3279,892,1722,2479,1757,1582,1722,1884,5571,293,3102,659,1952,2150,2475,1993,841,3811,1753,711,1062,938,3564,2222,2367,2293,1286,2421,2718,2182,2025,1013,1104,1494,2171,2634,629,3213,1916,399,5268,3959,1888,1786,1254,574,2577,1927,690,751,231,1929,1196,1411,1732,3966,951,324,3531,1499,2486,2597,2343,2491,1518,2511,5682,2397,391,269,1676,975,1909,1847,2054,161,1054,321,1997,419,1639,2338,2267,3386,656,477,2424,1401,1958,831,2614,1394,902,891,2356,3068,782,1658,1930,2460,2122,1728,1745,926,411,641,0,1659,4138,713,2343,2810,4157,592,4005,1955,1840,2052,2364,2002,2318,2274,5639,2254,1639,593,419,1946,746,1709,2209,1198,2324,3821,3985,557,3790,2579,508,1610,1708,2694,3289,1555,2317,3934,1972,1958,1840,4114,1996,2507,2362,4733,2818,2208
1208,3412,3256,723,1771,1789,2829,1727,2178,1832,1385,2779,1271,4763,2074,4031,2450,1989,1394,93,3396,1937,936,1997,1195,3078,831,1136,3968,2772,1494,3582,1000,1695,2320,4683,1849,1133,155,3518,1061,1787,1721,2860,1782,1653,110,1009,940,1567,110,2065,4002,1887,4667,2226,1135,1135,1099,131,1770,2243,838,1757,981,1779,2067,1207,991,454,2851,3986,2967,3748,413,1358,1450,2769,3737,4200,2196,1716,3144,1781,3798,3950,2747,3351,1232,1867,4142,3493,1736,1172,1928,3495,1417,2976,73,3958,1281,1977,3522,3064,1019,1779,1233,1020,1063,1041,4472,3963,1979,1911,761,2976,297,235,2235,1858,1895,1858,386,1739,3616,499,3833,1915,1701,2174,954,2245,3489,1298,1144,2960,2247,1651,980,1571,2256,1204,460,990,652,2587,134,1687,1891,1686,1697,0,4129,2280,650,4375,2186,1396,3468,485,228,1234,3930,1184,1303,804,3822,784,1185,1885,2116,334,1433,107,622,1272,948,3576,3976,1361,3782,1109,2075,694,49,3856,1792,2830,1083,3689,1154,3488,925,2143,2176,1492,1214,2512,2485,2455
3784,3982,2554,4297,4188,3577,5468,3131,3951,3236,3409,5507,3535,6649,5588,116,4223,4238,3825,4379,4082,4288,4202,3770,3654,3648,5119,3858,3292,2963,4120,4150,5236,4138,2276,6569,4480,4314,4441,5601,5297,2483,4110,3430,3640,3479,4396,5245,3954,3956,4396,2359,5943,4217,3991,3671,4149,3856,4136,4417,4189,4651,4244,4201,3962,3567,3143,3929,4256,4000,3421,3310,1738,4316,4699,3494,3679,2663,4305,3523,3641,3494,2498,4322,6386,179,2468,3921,3589,4489,3466,2451,4179,3648,3984,4063,3770,3278,4359,171,3525,4248,654,3367,4376,3183,3691,4810,4200,5276,6055,3286,3752,4193,4167,3546,4583,4521,2189,4085,3683,4245,4672,4361,4185,4045,3157,5348,4145,4400,5190,3461,3211,3727,4686,3529,4826,3478,4044,3639,3468,4340,4748,5225,4940,2940,4420,3513,4334,4130,4319,4286,0,3430,4370,3699,4998,3827,602,4773,4514,3732,3254,3838,4025,4439,6155,5020,4321,4516,4342,4620,4059,4393,3915,3772,4213,418,153,3792,387,5345,3848,4101,4335,3584,3561,2991,3755,531,4169,3211,4331,4954,2248,4214,3710,5324,1598,2099
2580,1134,1317,2864,1347,530,4586,2282,521,2386,931,4708,1092,6123,4001,3326,793,808,1097,2209,1118,858,2769,340,1210,800,2758,2608,1690,494,1280,1303,2927,1156,1426,6043,1050,1615,2428,4877,2988,1634,1243,145,2955,1024,2178,2936,2009,1513,2178,1171,5362,787,2388,241,2204,2606,2932,2450,1348,3602,2210,1219,1519,520,3668,2679,2824,2750,573,1708,2004,1469,2482,1016,1236,781,1458,1921,211,2889,1202,892,5662,3246,1175,1072,1111,1059,1864,1214,1198,1204,554,1216,1327,698,2189,3253,1082,818,2818,786,2943,2333,2265,2947,1650,2968,5474,1684,322,763,2133,262,2366,2304,1341,655,636,815,2454,931,926,2795,1554,3842,1163,971,2881,983,1245,1284,3071,681,1396,1022,2812,2859,364,1790,2387,2916,2579,1014,2202,1058,904,1148,889,2116,3424,0,2800,2096,3949,1100,3291,2412,2297,1843,1651,1950,2775,2731,5431,2711,1771,1086,912,2402,1254,2165,2665,1152,2780,3107,3272,1064,3077,3036,418,2066,2165,1981,2965,842,2329,3220,2224,1244,2297,3906,1283,2964,2284,4525,2105,1495
351,3688,3532,73,2314,2125,2191,1324,2515,1191,1680,2230,1796,4113,1726,4261,2786,2532,1937,1205,3672,2480,286,2334,1738,3354,702,486,4245,3048,2037,3858,653,2238,2596,4033,2392,1473,851,2868,456,2063,2264,3136,1132,1989,820,514,813,2110,820,2341,3352,2430,4943,3378,601,485,449,874,2313,1592,1036,2300,1524,2115,1417,557,341,628,3128,4262,3243,4024,1124,1709,1940,3046,4013,4476,3348,1066,3420,2324,3450,4181,3024,3627,1526,2410,4418,3769,2279,1715,2471,3771,1960,3252,932,4188,1787,2520,3753,3340,369,1244,583,673,1358,693,3464,4239,2315,2454,894,3253,789,777,2511,2401,2231,2401,878,2282,3892,674,4109,1568,2244,2717,607,2521,3765,1841,622,3236,2790,1988,330,921,3132,1498,744,642,552,2863,879,2023,2434,2230,2240,1112,4359,3137,0,4651,1720,1939,3715,719,805,1529,4206,1177,653,69,3421,716,1479,2428,2659,1044,1976,807,544,1567,297,3822,4207,1904,4012,762,2412,1187,1161,4132,1142,3106,433,3935,581,3764,1124,1677,2452,842,564,2046,2761,2731
4193,1657,1224,4706,3590,2773,5901,3541,2764,3646,3180,5939,3306,7081,5997,3233,2652,3051,3340,4811,1166,3101,4611,2583,3425,1501,4972,4267,220,1776,3523,1234,5141,3399,2686,7002,3293,3830,4873,6034,5203,2893,3486,2243,4072,3266,4393,5150,4386,3727,4828,2430,6376,3030,1075,2484,4581,4266,4545,4850,3591,5061,4676,3462,3733,2763,3575,4338,4666,4409,1273,394,1911,1400,5132,3265,3450,1841,1389,607,2454,3926,1330,3135,6819,3153,2194,1220,3361,3302,550,1121,3440,3419,2797,1147,3542,1163,4791,3160,3296,3061,2725,1252,4785,3592,4101,5162,3864,5182,6488,391,2565,3006,4600,2359,4580,4518,2242,2898,2879,3058,4668,3174,1893,4455,744,5757,3406,2823,5096,3232,639,3498,5096,1674,3639,3265,4453,4071,2607,4004,4601,5131,4793,2065,4416,3285,3147,3391,3132,4718,3332,2243,4779,0,5407,3343,3198,4626,4511,4164,337,4270,4434,4848,6587,4926,3985,3329,2764,5052,3497,4380,4325,3544,4622,3014,3179,3307,2984,5250,2661,4533,4767,667,3993,2194,4165,3127,4601,639,4764,5364,2304,4623,4119,5756,2012,2513
1890,4304,4147,1860,4060,3857,860,1868,4274,1735,3270,910,3386,2814,1018,4823,4545,4560,3682,2775,4288,4225,1766,4093,3483,3970,1959,2057,4860,3664,4020,4473,1536,3983,3212,2734,4137,3063,2422,1365,1527,2678,4010,3752,1650,3759,2473,1923,2352,3856,2489,2956,2054,4539,5559,3994,2140,2055,1574,2444,4059,362,2575,4045,3270,3847,2190,2128,1820,2199,3743,4878,3859,4639,2793,3299,3530,3661,4628,5091,3964,1609,4036,4069,2000,4743,3639,4243,3116,4155,5034,4384,4014,3460,4306,4386,3622,3868,2503,4751,3377,4570,4315,3956,1940,1788,1618,1390,2948,1577,2418,4854,4074,4515,2433,3868,2360,2348,3126,4407,3963,4147,2449,4028,4508,2244,4724,778,3990,4723,1865,3136,4380,3587,1267,3851,4536,3758,1607,1464,3748,3088,2177,1526,1907,3478,2449,3793,4179,3975,3986,2683,4922,3752,1933,5267,0,3684,4261,2152,2375,2480,4821,2586,2224,2002,1768,2146,3069,4174,4664,2713,3959,2486,2114,3157,1777,4369,4769,3649,4574,1645,4170,2849,2732,4748,1686,3722,1656,4482,2120,4380,2663,370,3068,2413,1599,727,3377,3347
1813,2017,1861,2097,977,392,3989,2030,782,2135,462,3939,324,5816,3234,3545,1053,1069,614,1442,2002,1021,2002,601,443,1683,1991,1841,2574,1378,910,2187,2160,928,1545,5736,933,848,1660,4570,2221,1752,900,940,2764,256,1411,2169,1242,746,1411,1290,5055,1048,3273,830,1437,1839,2165,1683,978,3296,1443,990,752,382,3048,1912,2056,1982,1456,2592,2270,2353,1715,377,468,1374,2342,2805,800,2697,1750,865,4957,3465,1352,1956,618,951,2748,2098,969,437,815,2100,560,1581,1422,3472,315,1079,3037,1669,2176,2082,1828,2180,882,2200,5167,2568,582,1024,1366,979,1598,1536,1460,915,499,942,1687,823,1810,2028,2438,3075,935,1231,2114,845,2094,517,2304,1565,1331,255,2045,2552,860,1023,1620,2149,1812,1192,1435,291,975,920,781,1349,3644,884,2033,2981,3642,0,3511,1645,1530,1536,2535,1486,2008,1964,5124,1944,1004,969,1173,1635,849,1398,1898,562,2013,3327,3491,581,3296,2269,679,1299,1398,2865,2774,1435,2007,3440,1457,2093,1530,3599,1402,2197,1847,4218,2061,1679
3291,3489,2116,3804,3695,3084,4976,2638,3459,2743,2916,5014,3042,6156,5095,542,3730,3745,3332,3886,3589,3795,3709,3278,3161,3155,4626,3365,2800,2470,3627,3657,4743,3645,1783,6076,3987,3822,3948,5109,4804,1990,3617,2937,3147,2986,3903,4752,3461,3463,3903,1867,5450,3724,3498,3179,3656,3363,3643,3924,3696,4158,3751,3708,3469,3074,2650,3436,3763,3507,2928,2818,1245,3823,4207,3001,3186,2170,3812,3031,3148,3001,2005,3830,5893,462,1975,3428,3096,3996,2974,2203,3687,3155,3491,3570,3278,2786,3866,470,3032,3755,161,2874,3883,2690,3198,4317,3707,4784,5562,2794,3259,3700,3674,3053,4090,4028,1697,3592,3191,3752,4179,3868,3693,3552,2664,4855,3652,3908,4697,2968,2718,3234,4194,3036,4333,2985,3551,3146,2975,3847,4256,4732,4447,2447,3927,3021,3842,3637,3826,3793,641,2937,3877,3206,4505,3334,0,4280,4022,3239,2761,3345,3532,3946,5662,4527,3828,4023,3849,4127,3566,3900,3422,3280,3720,400,488,3299,294,4852,3355,3608,3842,3091,3068,2498,3262,513,3676,2718,3838,4462,1755,3721,3217,4831,1105,1607
1041,3956,3800,763,2216,2233,2595,2272,2622,1881,1888,2544,1716,4803,1839,4575,2894,2433,1838,1517,3941,2381,976,2441,1639,3622,346,1176,4513,3317,1938,4126,766,2139,2864,4723,2293,1522,971,3557,708,2331,2166,3405,1822,2097,722,892,1484,2011,722,2609,4042,2331,5211,2670,1290,1174,1139,993,2215,2282,1382,2201,1425,2223,2106,1247,1030,1066,3396,4531,3512,4292,1025,1802,1894,3314,4281,4744,2640,1755,3689,2225,3563,4495,3292,3896,1776,2311,4687,4037,2180,1616,2372,4039,1861,3520,1051,4502,1725,2421,4067,3609,1059,1934,1273,786,1608,806,4237,4507,2423,2355,1305,2819,909,847,2779,2302,2339,2303,997,2183,4160,1111,4377,1681,2146,2618,492,2204,4033,1742,910,3504,2691,2096,1019,1610,2700,1748,25,755,167,3131,745,2131,2335,2131,2141,1424,4674,2724,690,4920,2069,1840,4013,0,840,1778,4474,1728,1343,620,3588,313,1729,2329,2560,946,1877,709,1234,1816,987,4120,4521,1805,4326,874,2519,1239,1473,4401,1832,3375,1123,4233,1270,4032,1469,2026,2721,1532,1254,2395,3029,3000
1000,3205,3048,971,1702,1719,2854,1520,2109,1625,1178,2804,1202,5306,2099,3823,2380,1919,1324,505,3189,1868,1190,1928,1126,2871,856,1028,3761,2565,1425,3374,1025,1625,2112,5226,1780,926,152,4060,1086,1579,1652,2653,2254,1583,119,1034,732,1498,135,1857,4545,1817,4460,2157,927,1027,1352,174,1701,2785,630,1688,912,1709,2538,1099,1244,479,2644,3779,2760,3540,438,1207,1380,2562,3529,3992,2127,2187,2937,1712,3822,3743,2540,3144,1024,1797,3935,3285,1666,1102,1859,3287,1348,2769,232,3750,1211,1908,3315,2857,1363,1572,1318,1045,856,1066,4496,3755,1909,1841,553,2769,90,28,2027,1789,1825,1789,178,1670,3408,524,3625,1940,1632,2105,979,2037,3281,1229,1169,2752,2178,1582,1233,2042,2186,996,485,1014,677,2379,95,1618,1821,1617,1628,412,3922,2653,898,4168,2211,1327,3261,510,0,1026,3722,976,1195,829,3847,809,977,1816,2046,359,1363,132,1086,1064,1200,3368,3769,1291,3574,1134,2006,487,461,3649,2264,2623,1194,3481,947,3281,717,2168,1969,1384,1337,2537,2278,2248
514,2642,2486,798,2027,1682,2788,957,2612,717,1237,2911,1354,4326,2315,3261,2343,2244,1650,1094,2626,2193,704,2431,1451,2308,1835,589,3198,2002,1988,2812,1457,1951,1550,4246,2105,1030,954,3080,1328,1017,1977,2090,1273,1546,1112,1385,669,1823,1112,1295,3565,2142,3897,2332,481,587,866,976,2026,1805,960,2013,1237,1672,1558,659,758,730,2081,3216,2197,2978,1415,1267,1498,2000,2967,3430,2302,1207,2374,2037,3865,3181,1978,2581,1084,2123,3372,2723,1981,1428,2644,2725,1589,2206,1074,3188,1344,2233,2752,2294,878,672,422,1312,916,1498,3677,3193,2412,2166,883,2207,891,879,1465,2114,1789,2114,980,1995,2846,776,3063,2075,1957,2430,1478,1475,2719,1554,1188,2190,2503,1545,699,1062,2086,1056,1464,1447,1656,1817,1135,1581,2147,1942,1953,1002,3359,2091,871,3605,2151,1652,2698,1489,907,0,3160,106,756,940,3634,1736,1037,2141,2372,1336,1926,1108,646,1124,715,2806,3206,1617,3012,1566,1969,816,1051,3086,1283,2060,486,2919,461,2718,1047,2108,1406,944,440,2727,1715,1685
3500,1406,1364,4013,2883,1947,5351,2848,2057,2952,2473,5473,2598,7222,5304,3374,2401,2343,2633,3736,915,2394,3918,1876,2718,1250,4265,3574,537,1068,2815,983,4434,2692,1993,7142,2585,3122,3798,6174,4495,2200,2778,1535,3261,2559,3685,4443,3311,3020,3753,1737,6516,2322,824,1658,3506,3573,3852,3774,2884,4368,3601,2754,3026,1937,3716,3645,3973,3716,936,57,2052,1149,4056,2558,2743,1133,1138,356,1628,4067,1470,2428,6959,3293,1518,970,2653,2594,214,1262,2733,2712,2089,896,2834,826,3716,3301,2589,2353,2865,914,4092,2899,3408,4454,3157,4474,6628,531,1857,2298,3524,1651,3872,3811,1617,2190,2053,2350,3961,2467,1643,3762,406,5064,2698,2572,4388,2525,302,2791,4403,1424,3217,2558,3760,3350,1781,3297,3894,4423,4086,1357,3709,2577,2440,2684,2425,3643,3472,1535,4086,532,4714,2635,3339,3919,3804,3089,0,3195,3741,4155,6728,4218,3278,2622,2514,3977,2789,3672,3632,2836,3930,3155,3319,2600,3125,4543,1954,3458,3692,330,4134,1408,3472,3268,3526,302,3688,4671,1628,3930,3426,5290,2152,1838
434,2907,2750,718,2270,2460,2708,672,2876,637,1480,2830,1596,4246,2235,3479,3148,3163,1892,1337,2891,2435,624,2695,1693,2573,1493,508,3463,2267,2230,3076,1377,2193,1814,4166,2347,1272,873,3000,1248,1281,2220,2355,1193,1789,924,1305,612,2065,941,1559,3485,2385,4162,2596,400,507,786,896,2269,1725,836,2255,1480,2450,1478,579,678,650,2346,3481,2462,3242,1244,1509,1740,2264,3231,3694,2566,1127,2639,2279,3785,3399,2242,2846,1326,2365,3637,2987,2224,1670,2909,2989,1832,2471,954,3406,1587,2476,2971,2559,798,592,342,1232,1158,1418,3597,3457,2677,2409,694,2471,811,799,1729,3010,2566,2357,900,2238,3110,696,3327,1995,2200,3326,1398,1739,2983,1797,1108,2454,2745,1788,619,982,2351,1298,1706,1367,1344,2081,901,1823,2389,2185,2196,1244,3578,2355,791,3870,2071,1894,2933,1731,827,1083,3424,0,675,860,3554,1507,1279,2383,3267,1165,2168,937,566,1366,635,3041,3425,1859,3230,1486,2773,1059,1293,3351,1203,2325,406,3154,381,2983,924,2028,1671,864,360,2647,1980,1950
1047,3251,3094,1331,1748,1766,2985,1566,2155,1671,1224,2934,1248,5352,2229,3870,2427,1966,1371,551,3235,1914,1236,1974,1172,2917,986,1075,3807,2611,1471,3421,1155,1672,2159,5273,1826,972,198,4107,1217,1626,1698,2699,2300,1630,249,1164,778,1544,265,1904,4592,1864,4506,2203,974,1073,1399,220,1748,2832,676,1734,958,1756,2585,1146,1290,609,2690,3825,2806,3586,569,1254,1427,2608,3576,4038,2173,2234,2983,1758,3953,3789,2586,3190,1071,1844,3981,3332,1713,1149,1905,3334,1394,2815,278,3797,1258,1954,3361,2903,1410,1618,1364,1176,902,1196,4704,3802,1956,1888,600,2815,136,124,2074,1835,1872,1835,224,1716,3455,655,3672,2071,1678,2151,1110,2084,3328,1275,1299,2798,2224,1628,1279,2089,2233,1043,616,1145,807,2426,225,1664,1868,1664,1674,459,3968,2699,1028,4214,2341,1373,3307,640,151,1073,3769,1023,0,959,3977,940,1024,1862,2093,489,1410,262,1132,1111,1247,3415,3815,1338,3621,1264,2052,533,508,3695,2310,2669,1241,3528,993,3327,764,2298,2015,1430,1383,2667,2324,2294
420,3757,3601,142,2245,2262,2413,1393,2652,1260,1749,2362,1745,4182,1657,4330,2923,2462,1868,1274,3742,2411,356,2471,1669,3423,632,556,4314,3118,1968,3927,583,2168,2665,4102,2323,1542,920,2937,387,2132,2195,3206,1201,2126,751,445,882,2041,751,2410,3422,2360,5012,2700,670,554,518,943,2244,1662,1106,2231,1455,2252,1486,626,410,697,3197,4332,3312,4093,1055,1778,1924,3115,4082,4545,2670,1135,3490,2255,3381,4250,3093,3696,1596,2340,4488,3838,2210,1646,2402,3840,1891,3321,1001,4257,1755,2451,3822,3410,438,1314,652,604,1427,624,3533,4308,2452,2384,963,3322,858,846,2580,2332,2368,2332,947,2213,3961,743,4178,1499,2175,2648,538,2590,3834,1772,553,3305,2721,2125,399,990,3202,1568,675,573,483,2932,775,2161,2364,2160,2171,1181,4428,3206,69,4720,1622,1870,3784,650,874,1598,4275,1246,722,0,3490,647,1548,2359,2590,975,1906,738,613,1636,367,3892,4276,1834,4081,692,2549,1268,1230,4202,1211,3176,502,4004,650,3833,1193,1578,2522,911,634,1948,2830,2801
3483,5897,5295,3454,5653,5450,1395,3461,5867,3328,4863,1431,4979,1187,2466,5681,6138,6153,5275,4368,5881,5818,3359,5686,5076,5563,3699,3650,5978,5257,5613,6066,3257,5576,4962,1306,5730,4656,4015,878,3337,4562,5603,5345,3146,5352,4053,3798,3944,5448,4053,4549,713,6132,6677,5587,3733,3648,3167,4037,5652,1978,4168,5638,4863,5440,3047,3721,3413,3792,5336,5996,4969,6232,4357,4892,5123,5349,6222,6210,5557,3398,5184,5662,920,5600,5154,5836,4709,5748,6152,5503,5607,5053,5899,5980,5215,5461,4096,5608,4970,6163,5172,5549,3533,3381,3211,2998,4541,3298,649,5973,5667,6108,4026,5461,3953,3941,4876,6000,5556,5740,4042,5621,6101,3837,5843,2328,5583,6316,3604,4729,5897,5180,2875,5444,6128,5351,3200,3357,5341,4681,3917,3247,3764,5071,4042,5386,5772,5568,5579,4276,5779,5345,3526,6385,2237,5278,5118,3892,3968,4073,5940,4179,3817,3596,0,3886,4662,5766,6257,4277,5552,4040,3708,4750,3370,5226,5626,5242,5432,3366,5764,4442,4325,6270,3465,5315,3249,5339,3713,5897,4256,2194,4934,4006,3192,1384,4487,4785
1037,3953,3797,759,2212,2229,2589,2268,2619,1878,1884,2539,1712,4799,1834,4572,2890,2429,1834,1513,3937,2378,973,2438,1636,3619,197,1173,4509,3313,1935,4123,760,2135,2861,4720,2290,1519,968,3554,703,2328,2162,3401,1818,2093,718,887,1480,2008,718,2606,4039,2327,5208,2667,1287,1171,1136,990,2211,2279,1378,2198,1422,2219,2103,1244,1027,1062,3392,4527,3508,4288,1022,1799,1890,3310,4278,4740,2637,1752,3685,2222,3558,4492,3288,3892,1773,2308,4683,4034,2177,1613,2369,4036,1858,3517,1048,4499,1722,2418,4063,3605,1055,1931,1270,781,1604,801,4232,4504,2419,2351,1302,2816,906,844,2776,2299,2336,2299,994,2180,4157,1108,4374,1676,2142,2615,282,2201,4030,1739,904,3500,2688,2092,1016,1607,2697,1745,338,750,163,3128,742,2128,2332,2127,2138,1420,4670,2721,686,4916,2064,1837,4009,313,837,1775,4471,1725,1340,617,3582,0,1726,2326,2557,942,1874,705,1230,1813,984,4117,4517,1802,4323,869,2516,1235,1470,4397,1828,3371,1119,4230,1267,4029,1466,2021,2717,1528,1251,2390,3026,2996
1347,2271,2114,1631,1039,646,3926,1677,1035,1782,200,4048,317,5463,3245,3447,1307,1322,700,1314,2255,1274,1536,854,522,1937,2055,1421,2827,1631,972,2440,2172,1014,1798,5384,1186,754,1376,4218,2233,1249,962,1283,2411,510,1332,2180,890,808,1332,1527,4703,1301,3526,1083,1084,1420,1699,1353,1040,2943,1180,1076,794,636,2696,1492,1591,1563,1710,2845,2429,2606,1635,230,461,1628,2596,3058,1053,2345,2003,1118,5003,3367,1606,2210,47,1204,3001,2351,1055,499,1068,2354,553,1835,1294,3374,307,1332,2939,1923,1710,1729,1475,2192,530,2212,4815,2821,836,1277,1103,1232,1519,1457,1697,1169,752,1196,1607,1076,2063,1609,2692,3087,1021,1484,2126,517,2382,555,2021,1818,1584,508,1580,2200,1113,19,1684,2161,1876,1445,1355,544,1228,1006,1034,1222,3546,1137,1704,3234,3289,703,3418,1709,1450,1184,2788,1134,1588,1773,4771,1956,0,1222,1426,1556,911,1328,1479,87,1548,3228,3393,667,3198,2280,932,1037,1271,3119,2421,1689,1541,3341,1104,2382,1267,3246,1638,1777,1494,3865,1947,1932
2041,2220,2403,2325,758,838,4217,2463,763,2568,908,4167,722,6249,3462,4412,1255,401,508,1670,2204,228,2230,746,675,1886,2219,2069,2776,1580,690,2389,2388,567,1991,6169,36,1076,1889,5004,2449,2047,653,1232,3197,702,1639,2397,1675,1246,1639,1736,5488,380,3475,1032,1870,2067,2393,1911,759,3729,1671,629,980,828,3482,2140,2285,2211,1659,2794,2716,2555,1943,823,914,1867,2544,3007,1002,3130,2289,318,5186,4332,1798,2159,1064,158,2950,2300,608,669,604,2302,867,1784,1650,4339,731,268,3904,1872,2404,2515,2261,2408,1328,2429,5600,2770,764,356,1594,1348,1827,1765,1906,431,944,408,1915,168,2094,2256,2640,3303,573,850,2342,1225,2331,748,2532,1767,538,701,2274,2986,1155,1468,1848,2378,2040,1637,1663,736,182,558,420,1577,4511,1086,2261,3183,4075,510,4378,1873,1758,1970,2737,1920,2236,2192,5557,2172,1449,0,792,1864,664,1626,2126,1008,2241,4194,4358,475,4163,2497,881,1528,1626,3067,3207,1928,2235,4306,1890,2331,1758,4032,1847,2425,2280,4651,2507,2125
2413,1811,1994,2697,1180,912,4589,2630,354,2735,1062,4539,924,6416,3834,4003,272,536,930,2042,1795,691,2602,337,1043,1477,2590,2441,2367,1171,1113,1980,2760,989,2104,6336,874,1448,2260,5170,2821,2311,1076,823,3364,856,2011,2769,1842,1345,2011,1849,5655,620,3066,623,2037,2439,2765,2282,1181,3895,2042,1052,1352,902,3648,2512,2656,2582,1250,2385,2682,2146,2315,977,1068,1459,2136,2598,593,3297,1880,725,5557,3923,1853,1750,1218,892,2541,1892,1030,1037,387,1894,1160,1375,2021,3931,915,651,3495,1463,2776,2682,2428,2780,1482,2800,5767,2361,356,596,1966,939,2198,2136,2019,488,1018,648,2287,764,1603,2628,2232,3675,996,58,2714,1365,1922,1116,2904,1358,1229,855,2645,3152,746,1623,2220,2749,2411,1692,2035,891,737,981,722,1949,4102,678,2633,2774,4242,933,3969,2245,2130,2136,2328,2086,2608,2564,5724,2544,1604,910,0,2235,1087,1998,2498,1162,2613,3785,3949,897,3754,2869,472,1899,1998,2659,3374,1520,2607,3898,2057,1922,2130,4199,1960,2796,2447,4818,2782,2172
667,4004,3848,389,2509,2526,2676,1640,2916,1507,1996,2626,2009,4429,1921,4577,3187,2726,2131,1521,3989,2675,602,2735,1932,3670,896,802,4561,3365,2232,4174,847,2432,2912,4349,2586,1789,1168,3184,651,2379,2459,3452,1448,2390,1015,708,1129,2305,1015,2657,3668,2624,5259,3694,917,801,765,1190,2508,1909,1352,2495,1719,2516,1733,873,657,120,3444,4579,3560,4340,80,2025,2187,3362,4329,4792,3664,1382,3737,2519,3645,4497,3340,3943,1842,2604,4735,4085,2474,1910,2666,4087,2155,3568,1248,4504,2018,2715,4069,3657,685,1560,899,868,1674,888,3780,4555,2716,2648,1210,3569,1105,1093,2827,2596,2632,2596,1194,2477,4208,165,4425,1762,2439,2912,802,2837,4081,2036,817,3552,2985,2389,646,1237,3449,1815,939,837,747,3179,1039,2425,2628,2424,2435,1428,4676,3453,316,4967,1885,2134,4031,914,1121,1845,4522,1493,970,264,3737,910,1795,2623,2853,0,2170,1002,288,1883,614,4138,4523,2098,4328,956,2813,1503,1477,4449,1458,3423,749,4251,897,4080,1440,1842,2768,1158,881,2211,3077,3048
1842,2352,2195,2126,243,727,4018,2264,1117,2369,712,3968,540,6050,3263,3880,1388,927,332,1471,2336,876,2031,936,473,2018,2020,1870,2909,1713,175,2522,2189,98,1880,5970,788,878,1690,4805,2250,1918,29,1275,2998,591,1440,2198,1476,775,1440,1625,5290,825,3607,1165,1671,1868,2194,1712,244,3530,1472,276,781,717,3283,1941,2086,2012,1791,2927,2605,2687,1744,626,803,1709,2677,3140,1135,2932,2084,720,4987,3800,1687,2291,953,805,3083,2433,169,467,867,2435,685,1916,1451,3807,549,916,3372,2004,2205,2316,2062,2210,1199,2230,5401,2903,917,849,1395,1313,1628,1566,1795,797,833,797,1716,678,2144,2057,2773,3104,221,1113,2144,1180,2428,573,2333,1899,884,590,2075,2787,1194,1339,1649,2179,1841,1526,1464,626,829,106,636,1378,3978,1219,2062,3315,3876,335,3845,1674,1559,1771,2870,1721,2037,1993,5358,1973,1320,824,1054,1665,0,1428,1928,897,2042,3661,3826,299,3631,2298,1014,1329,1427,3200,3008,1770,2036,3774,1691,2428,1559,3833,1736,2226,2081,4452,2396,2014
1111,3315,3159,839,1665,1682,2723,1630,2072,1735,1337,2672,1165,4879,1967,3934,2343,1882,1287,616,3300,1830,1053,1891,1088,2981,724,1253,3872,2676,1387,3485,893,1588,2223,4800,1742,971,262,3634,955,1690,1615,2763,1898,1546,13,902,843,1460,13,1968,4119,1780,4570,2120,1038,1251,1216,284,1664,2359,741,1650,875,1672,2183,1324,1107,357,2754,3890,2870,3651,316,1252,1343,2672,3640,4103,2090,1832,3048,1674,3691,3854,2651,3254,1135,1760,4046,3396,1629,1065,1822,3398,1310,2879,343,3861,1174,1871,3426,2968,1135,1682,1350,914,966,934,4365,3866,1872,1804,664,2880,200,138,2138,1752,1788,1752,289,1633,3519,402,3736,1809,1595,2068,848,1654,3392,1192,1037,2863,2140,1545,1096,1687,2149,1107,354,883,545,2490,37,1580,1784,1580,1591,523,4032,2174,766,4278,2079,1290,3372,378,132,1137,3833,1087,1420,697,3716,678,1088,1778,2009,237,1326,0,525,1175,1064,3479,3880,1254,3685,1002,1968,598,572,3760,1908,2734,1199,3592,1058,3391,828,2036,2080,1609,1331,2405,2388,2358
671,4009,3852,393,2513,2530,2681,1644,2920,1512,2000,2630,2013,4433,1925,4581,3191,2730,2136,1525,3993,2679,607,2739,1937,3675,900,807,4565,3369,2236,4178,851,2436,2916,4354,2591,1793,1172,3188,655,2383,2463,3457,1452,2394,1019,713,1133,2309,1019,2661,3673,2628,5264,3698,921,805,770,1194,2512,1913,1357,2499,1723,2520,1737,53,661,124,3448,4583,3564,4344,1323,2030,2192,3366,4333,4796,3668,1386,3741,2523,3649,4501,3344,3948,1847,2608,4739,4089,2478,1914,2670,4091,2159,3573,1252,4508,2023,2719,4073,3661,689,1565,904,872,1678,892,3785,4559,2720,2652,1214,3573,1110,1097,2831,2600,2636,2600,1198,2481,4212,170,4429,1767,2443,2916,806,2841,4085,2040,821,3556,2989,2393,650,1241,3453,1819,943,841,751,3183,1043,2429,2632,2428,2439,1432,4680,3457,320,4972,1890,2138,4035,918,1125,1849,4526,1497,974,268,3741,915,1800,2627,2858,1243,2174,1006,0,1887,618,4143,4527,2102,4332,960,2817,1507,1481,4453,1462,3427,753,4256,901,4085,1444,1847,2773,1162,885,2216,3081,3052
1285,2306,2148,1569,1074,680,3864,1615,1070,1720,235,3986,352,5401,3183,3385,1341,1357,735,1252,2290,1309,1474,889,557,1972,1993,1359,2862,1666,1007,2475,2110,1048,1720,5322,1221,692,1314,4156,2171,1187,996,1317,2349,544,1270,2118,828,842,1270,1465,4641,1335,3560,1118,1022,1358,1637,1291,1075,2881,1118,1111,829,670,2634,1430,1529,1501,1745,2880,2367,2641,1573,265,496,1662,2630,3093,1088,2283,2037,1153,4941,3305,1640,2244,82,1239,3036,2386,1090,534,1102,2388,587,1870,1232,3312,342,1366,2877,1958,1648,1667,1413,2130,468,2150,4753,2856,870,1311,1041,1266,1457,1395,1635,1203,786,1230,1545,1111,2098,1547,2726,3025,1055,1519,2064,552,2417,589,1959,1853,1619,543,1518,2138,1148,608,1622,2099,1814,1480,1293,579,1263,1040,1069,1160,3484,1172,1642,3268,3227,738,3356,1647,1388,1122,2823,1072,1526,1711,4709,1894,589,1257,1461,1494,945,1266,1417,0,1486,3166,3331,702,3136,2218,967,975,1209,3153,2359,1723,1479,3279,1042,2416,1205,3184,1576,1715,1432,3803,1885,1847
232,3569,3412,202,2351,2006,1894,1205,2395,1072,1560,1932,1677,3994,1600,4142,2667,2568,1973,1117,3553,2516,11,2214,1774,3235,977,399,4125,2929,2311,3739,743,2274,2477,3914,2428,1353,764,2748,733,1944,2301,3017,1013,1870,815,789,693,2146,831,2222,3233,2466,4824,3259,481,397,330,786,2350,1473,917,2336,1560,1996,1298,470,43,541,3008,4143,3124,3904,1135,1590,1821,2926,3894,4356,3229,946,3301,2360,3349,4061,2904,3508,1407,2446,4299,3650,2304,1751,2428,3652,1913,3133,844,4069,1668,2556,3633,3221,282,1125,464,597,1239,783,3345,4119,2196,2490,775,3133,702,690,2392,2438,2112,2438,790,2318,3773,586,3990,1360,2281,2753,882,2402,3645,1878,473,3116,2826,1868,210,802,3013,1379,1019,732,828,2744,791,1904,2470,2266,2276,1024,4240,3017,275,4532,1423,1975,3596,994,717,1409,4087,1058,566,344,3302,991,1360,2464,2695,1055,2249,828,456,1448,0,3703,4087,1940,3893,852,2292,1099,1073,4013,1023,2987,314,3816,462,3645,1004,1380,2333,755,445,1749,2642,2612
3366,3564,2191,3879,3770,3159,5051,2713,3534,2818,2991,5089,3117,6231,5170,618,3805,3820,3407,3961,3664,3870,3784,3352,3236,3230,4701,3440,2875,2545,3702,3732,4818,3720,1858,6151,4062,3897,4023,5184,4879,2065,3692,3012,3222,3061,3978,4827,3536,3538,3978,1942,5525,3799,3573,3254,3731,3438,3718,3999,3771,4234,3826,3783,3544,3149,2725,3511,3838,3582,3003,2892,1320,3898,4282,3076,3261,2245,3887,3106,3224,3076,2080,3904,5968,537,2050,3503,3172,4071,3048,2278,3762,3230,3566,3645,3352,2861,3941,545,3107,3830,236,2949,3958,2765,3273,4392,3782,4858,5637,2869,3334,3775,3750,3128,4165,4103,1772,3667,3266,3827,4254,3943,3768,3627,2739,4930,3727,3983,4772,3043,2793,3309,4268,3111,4408,3060,3626,3221,3050,3922,4331,4808,4522,2522,4002,3096,3916,3712,3901,3868,716,3012,3952,3281,4580,3409,184,4355,4096,3314,2836,3420,3607,4021,5737,4602,3903,4098,3924,4202,3641,3975,3497,3355,3795,0,563,3374,368,4927,3430,3683,3917,3166,3143,2573,3337,113,3751,2793,3913,4537,1830,3796,3292,4906,1180,1682
3631,3829,2492,4144,4035,3424,5316,2978,3798,3083,3256,5354,3382,6496,5435,54,4070,4085,3672,4226,3929,4135,4049,3618,3501,3495,4966,3705,3140,2810,3967,3997,5083,3985,2123,6416,4327,4162,4288,5448,5144,2330,3957,3277,3487,3326,4243,5092,3801,3803,4243,2207,5790,4064,3838,3518,3996,3703,3983,4264,4036,4498,4091,4048,3809,3414,2990,3776,4103,3847,3268,3157,1585,4163,4546,3341,3526,2510,4152,3371,3488,3341,2345,4169,6233,26,2315,3768,3436,4336,3314,2389,4027,3495,3831,3910,3618,3126,4206,18,3372,4095,501,3214,4223,3030,3538,4657,4047,5124,5902,3134,3599,4040,4014,3393,4430,4368,2037,3932,3530,4092,4519,4208,4033,3892,3004,5195,3992,4248,5037,3308,3058,3574,4534,3376,4673,3325,3891,3486,3315,4187,4596,5072,4787,2787,4267,3360,4182,3977,4166,4133,153,3277,4217,3546,4845,3674,449,4620,4362,3579,3101,3685,3872,4286,6002,4867,4168,4363,4189,4467,3906,4240,3762,3620,4060,265,0,3639,234,5192,3695,3948,4182,3431,3408,2838,3602,378,4016,3058,4178,4802,2095,4061,3557,5171,1445,1946
1521,2391,2235,1805,735,767,3746,1943,1156,2048,419,3696,247,5729,2991,3794,1428,979,372,1199,2376,928,1710,975,201,2057,1748,1549,2948,1752,667,2561,1917,685,1919,5649,840,606,1418,4483,1978,1597,657,1314,2676,631,1168,1926,1155,503,1168,1664,4968,877,3647,1204,1350,1547,1873,1440,736,3208,1150,748,509,757,2961,1620,1764,1690,1831,2966,2644,2727,1472,334,425,1749,2716,3179,1174,2610,2124,772,4715,3714,1727,2330,575,857,3122,2472,726,195,919,2474,393,1955,1179,3722,256,968,3286,2044,1884,1994,1741,1938,877,1958,5080,2942,957,901,1074,1353,1356,1294,1834,849,873,849,1444,730,2184,1736,2812,2832,692,1165,1871,736,2468,274,2061,1939,1238,629,1753,2465,1234,1018,1377,1907,1569,1566,1192,665,881,677,688,1106,3893,1258,1790,3355,3554,374,3684,1402,1287,1449,2909,1399,1716,1721,5037,1701,999,876,1106,1392,606,1155,1606,519,1721,3791,3740,0,3546,2026,1053,1007,1155,3240,2686,1810,1715,3904,1370,2467,1238,3512,1776,1904,1760,4130,2295,2053
3436,3634,2261,3949,3840,3230,5121,2784,3604,2888,3062,5159,3187,6301,5240,289,3875,3890,3477,4031,3735,3941,3854,3423,3306,3300,4772,3510,2945,2615,3773,3803,4888,3791,1929,6222,4132,3967,4093,5254,4950,2136,3763,3082,3293,3132,4048,4897,3606,3608,4048,2012,5596,3869,3644,3324,3801,3509,3788,4070,3841,4304,3896,3853,3614,3220,2795,3581,3909,3652,3073,2963,1390,3968,4352,3147,3331,2315,3958,3176,3294,3147,2150,3975,6039,209,2120,3573,3242,4141,3119,2349,3832,3300,3636,3716,3423,2931,4011,216,3178,3900,306,3019,4028,2835,3344,4462,3852,4929,5708,2939,3404,3845,3820,3198,4236,4174,1842,3737,3336,3897,4324,4014,3838,3698,2809,5000,3797,4053,4843,3114,2863,3379,4339,3182,4478,3130,3696,3292,3121,3993,4401,4878,4593,2592,4072,3166,3987,3783,3972,3938,387,3082,4022,3352,4650,3480,254,4426,4167,3384,2906,3490,3677,4091,5807,4672,3974,4169,3995,4272,3711,4045,3568,3425,3865,70,234,3444,0,4997,3501,3753,3988,3236,3213,2643,3408,183,3821,2864,3984,4607,1900,3866,3362,4976,1250,1752
1084,4246,4090,845,2505,2523,2064,2562,2912,1924,2177,2013,2005,4243,1308,4865,3184,2723,2128,1806,4231,2671,863,2731,1929,3912,657,1258,4803,3607,2228,4416,196,2429,3154,4607,2583,1812,1261,3238,296,2621,2455,3694,1864,2387,1011,756,1774,2301,1012,2899,3769,2621,5501,2960,1333,1256,1182,1283,2504,1924,1672,2491,1715,2513,2149,1329,854,1400,3686,4820,3801,4582,1315,2092,2184,3604,4571,5034,2930,1798,3979,2515,3032,4785,3582,4185,2066,2601,4976,4327,2470,1906,2662,4329,2151,3810,1341,4792,2015,2711,4357,3898,1141,1977,1316,255,1898,236,3706,4797,2713,2645,1595,3109,1199,1137,3069,2592,2629,2592,1287,2473,4450,1445,4667,1150,2435,2908,563,2494,4323,2032,378,3794,2981,2385,1062,1653,2990,2038,875,185,722,3421,1035,2421,2625,2421,2431,1714,4963,3014,772,5209,1562,2130,4303,850,1130,2068,4764,2018,1425,703,3056,844,2019,2619,2850,1236,2167,998,1316,2106,852,4410,4811,2095,4616,0,2809,1528,1763,4690,1874,3664,1166,4523,1313,4322,1759,1519,3010,1614,1297,1888,3319,3290
2515,1617,2097,2800,1283,1015,4692,2733,457,2837,1165,4641,1027,6519,3936,4106,374,638,1033,2144,1601,794,2705,440,1146,1580,2693,2543,2470,1274,1215,1786,2862,1092,2207,6439,976,1551,2363,5273,2924,2414,1178,926,3466,959,2114,2871,1945,1448,2114,1951,5758,722,3169,726,2140,2542,2868,2385,1284,3998,2145,1154,1454,1005,3751,2614,2759,2685,1353,2488,2784,1952,2417,1080,1171,1561,1942,2701,696,3400,1983,828,5660,4026,1955,1556,1321,994,2644,1994,1133,1140,490,1700,1263,1478,2124,4033,1018,753,3598,1566,2879,2784,2531,2883,1585,2903,5870,2464,458,698,2068,1042,2301,2239,2121,590,1121,750,2390,867,1412,2731,2334,3778,1099,691,2817,1468,2025,1219,3006,1461,1331,958,2748,3255,849,1725,2322,2852,2514,1794,2138,993,840,1084,825,2051,4205,780,2735,2877,4344,1035,4072,2347,2232,2239,2431,2189,2710,2666,5826,2647,1706,1013,633,2338,1189,2101,2601,1265,2716,3888,4052,1000,3857,2971,0,2002,2100,2125,3476,1622,2709,4000,2160,2025,2232,4301,2063,2899,2549,4920,2885,2275
513,3059,2903,798,1822,1477,2608,1374,1867,1118,1032,2646,1148,4529,2314,3678,2138,2039,1444,889,3043,1988,703,1686,1246,2725,1630,541,3615,2419,1782,3229,1456,1745,1967,4450,1900,825,906,3284,1327,1434,1772,2507,1548,1341,906,1384,165,1618,906,1712,3769,1937,4314,1915,360,540,866,928,1821,2009,143,1808,1032,1467,1833,612,757,683,2498,3633,2614,3395,1210,1062,1293,2416,3384,3846,1885,1482,2791,1832,4069,3598,2394,2998,879,1917,3789,3140,1776,1223,1900,3142,1384,2623,869,3605,1139,2028,3169,2711,877,1074,729,1311,710,1497,3880,3610,1667,1961,66,2624,844,832,1882,1909,1583,1909,933,1790,3263,729,3480,2074,1752,2225,1477,1892,3136,1349,1187,2607,2298,1340,746,1337,2503,851,1259,1446,1423,2234,934,1376,1942,1737,1748,796,3776,2508,870,4022,2137,1447,3116,1284,860,580,3577,529,708,940,3837,1530,832,1936,2166,1130,1721,903,599,919,714,3223,3623,1411,3429,1565,1764,0,846,3503,1558,2477,707,3336,380,3135,230,2094,1823,897,748,2463,2132,2102
1169,3373,3216,684,1732,1749,2790,1688,2139,1793,1346,2740,1232,4724,2035,3992,2410,1949,1354,54,3357,1898,897,1958,1156,3039,792,1097,3929,2733,1455,3542,961,1655,2281,4644,1810,1094,106,3478,1022,1748,1682,2821,1743,1613,71,970,900,1528,71,2026,3963,1847,4628,2187,1095,1096,1060,342,1731,2203,798,1718,942,1739,2028,1168,952,415,2812,3947,2928,3708,374,1319,1410,2730,3698,4160,2157,1676,3105,1742,3758,3911,2708,3312,1192,1828,4103,3454,1697,1133,1889,3456,1378,2937,400,3919,1242,1938,3483,3025,980,1740,1194,981,1024,1001,4432,3923,1939,1871,722,2937,258,196,2196,1819,1856,1819,346,1700,3577,460,3794,1876,1662,2135,915,2206,3449,1259,1105,2920,2208,1612,941,1532,2217,1165,421,950,612,2548,94,1648,1852,1647,1658,580,4090,2241,611,4336,2147,1357,3429,446,189,1195,3890,1145,1264,765,3783,745,1145,1846,2077,295,1394,67,583,1233,908,3537,3937,1322,3743,1070,2036,655,0,3817,1753,2791,1044,3650,1115,3449,886,2104,2137,1453,1175,2473,2446,2416
3170,1230,1348,3683,2552,1617,5021,2518,1727,2622,2143,5143,2268,7206,4974,3358,1998,2013,2302,3406,1311,2063,3588,1546,2387,896,3934,3244,521,738,2485,1379,4104,2362,1662,7126,2255,2792,3468,6158,4165,1870,2448,1205,2931,2229,3355,4113,2981,2689,3423,1407,5798,1992,1220,1328,3176,3242,3522,3444,2553,4038,3271,2424,2696,1607,3700,3315,3643,3386,606,338,2036,1545,3726,2228,2412,803,1534,752,1298,2864,1225,2098,6943,3277,1188,1169,2323,2264,393,1246,2403,2381,1759,1292,2504,496,3386,3285,2259,2023,2849,584,3762,2569,3077,4124,2826,4144,5909,515,1527,1968,3194,1321,3542,3480,1287,1860,1723,2020,3631,2136,1433,3431,390,4734,2368,2176,4058,2195,285,2460,4073,777,2601,2227,3430,3019,1451,2967,3564,4093,3755,1027,3379,2247,2110,2353,2094,3313,3456,1205,3756,928,4384,2305,3323,3589,3474,2759,482,2865,3411,3825,6712,3888,2948,2291,2117,3647,2459,3342,3302,2506,3599,3139,3303,2270,3108,4213,1623,3128,3362,0,2941,1078,3142,3252,3196,286,3358,4341,1297,3600,3096,4960,2136,1508
1101,3515,2786,1072,3271,3068,2343,751,3485,618,2481,2465,2597,3854,2296,3172,3756,3772,2893,1987,3499,3437,977,3304,2694,3181,1846,1268,3469,2875,3231,3685,1731,3194,2423,3786,3349,2274,1633,2620,1601,1890,3221,2963,222,2970,1684,1658,1563,3067,1700,2168,2962,3750,4168,3205,1351,1267,786,1655,3270,1360,1787,3257,2481,3058,418,1339,1031,1410,2954,3487,2460,3850,2004,2510,2742,2872,3840,3700,3175,76,2674,3281,3405,3091,2644,3454,2328,3366,3643,2993,3225,2672,3517,3598,2833,3079,1714,3099,2588,3781,2663,3167,1151,671,829,1585,2159,1771,3074,3463,3285,3726,1644,3079,1571,1559,2338,3618,3175,3358,1660,3239,3719,1456,3334,2056,3201,3934,1752,2348,3592,2798,1461,3062,3747,2969,819,221,2959,2300,1889,1720,1697,2690,1660,3005,3390,3186,3197,1894,3270,2964,1145,3876,1706,2896,2609,1864,1587,1691,3430,1797,1435,1214,3174,1860,2280,3385,3876,1924,3170,1697,1326,2368,988,2717,3117,2860,2922,1840,3382,2060,1943,3761,0,2933,867,2830,1331,3591,1874,1663,2279,1624,810,2282,1978,2276
2092,1649,900,2605,1813,1202,3943,1440,1619,1544,1034,4065,1160,5480,3896,2600,1890,1905,1450,2328,1633,1955,2510,1438,1278,1315,3068,2166,1583,1009,1745,1818,2995,1763,584,5400,1780,1684,2390,4235,3056,792,1735,1097,2113,1104,2345,3004,1903,1581,2345,329,4720,1884,2282,1339,2098,2164,2444,2366,1814,2960,2193,1826,1587,1192,2839,2237,2565,2308,1088,1601,1309,1984,2648,1119,1304,954,1973,1814,1309,2047,789,1712,5019,2520,392,1588,1214,1798,1757,1108,1804,1272,1651,1732,1395,1213,2308,2527,1150,1915,2092,1301,2684,1491,1999,3118,1718,3036,4831,1578,1419,1860,2116,1213,2532,2470,499,1752,1308,1912,2620,1671,1853,2353,1448,3656,1770,2068,2949,1086,1502,1352,2995,1196,2179,1103,2352,1941,1093,1858,2697,2984,2889,231,2368,1138,2002,1755,1629,2235,2699,1097,2678,1990,3306,1452,2566,2722,2463,1681,1545,1787,2333,2747,4788,2779,1839,1817,2009,2569,1684,2341,2224,1397,2521,2382,2546,1417,2351,3104,1516,2050,2284,1875,2123,0,2064,2494,2118,1502,2280,3263,441,2522,2018,3882,1100,718
207,3105,2949,379,2326,1981,2277,871,2371,892,1536,2399,1652,3814,1896,3678,2642,2543,1948,1294,3090,2491,284,2190,1749,2771,1154,576,3662,2466,2286,3275,1038,2249,2013,3734,2403,1329,941,2569,908,1480,2276,2554,833,1845,992,966,669,2122,1008,1758,3054,2441,4360,2795,457,574,447,963,2325,1294,892,2312,1536,1971,1118,646,339,717,2545,3680,2660,3441,1311,1565,1796,2463,3430,3893,2765,767,2838,2336,3354,3598,2441,3044,1382,2421,3836,3186,2280,1726,2403,3188,1888,2669,1021,3605,1643,2532,3170,2758,458,791,64,892,1214,1079,3166,3656,2171,2465,750,2670,879,866,1928,2413,2087,2413,967,2294,3309,763,3526,1656,2256,2729,1059,1938,3182,1853,769,2653,2802,1844,328,622,2550,1354,1196,1028,1004,2280,968,1879,2445,2241,2252,1201,3776,2554,452,4068,1640,1951,3132,1171,894,1282,3623,1033,743,521,3122,1168,1335,2440,2670,1232,2225,1005,633,1423,295,3239,3624,1915,3429,1147,2268,1115,1250,3550,843,2524,0,3352,437,3181,980,1597,1870,932,57,2216,2178,2148
3328,3526,2153,3841,3732,3121,5013,2675,3496,2780,2953,5051,3079,6193,5132,579,3767,3782,3369,3923,3626,3832,3746,3314,3198,3192,4663,3402,2836,2507,3664,3694,4780,3682,1820,6113,4024,3859,3985,5146,4841,2027,3654,2974,3184,3023,3940,4789,3498,3500,3940,1904,5487,3761,3535,3216,3693,3400,3680,3961,3733,4195,3788,3745,3506,3111,2687,3473,3800,3544,2965,2854,1282,3860,4244,3038,3223,2207,3849,3068,3185,3038,2042,3866,5930,499,2012,3465,3133,4033,3010,2240,3724,3192,3528,3607,3314,2823,3903,507,3069,3792,198,2911,3920,2727,3235,4354,3744,4820,5599,2831,3296,3737,3712,3090,4127,4065,1734,3629,3228,3789,4216,3905,3730,3589,2701,4892,3689,3945,4734,3005,2755,3271,4230,3073,4370,3022,3588,3183,3012,3884,4293,4769,4484,2484,3964,3058,3878,3674,3863,3830,678,2974,3914,3243,4542,3371,146,4317,4058,3276,2798,3382,3569,3983,5699,4564,3865,4060,3886,4164,3603,3937,3459,3317,3757,361,525,3336,330,4889,3392,3645,3879,3128,3105,2535,3299,0,3713,2755,3875,4499,1792,3758,3254,4868,1142,1644
243,3126,2970,527,1889,1544,2337,846,1934,810,1099,2375,1215,4259,2043,3745,2205,2106,1511,956,3110,2055,432,1753,1312,2792,1301,317,3682,2486,1849,3296,1186,1812,2034,4179,1967,892,682,3013,1056,1501,1839,2574,1278,1408,973,1114,232,1685,973,1779,3498,2004,4381,1982,20,315,595,704,1888,1738,456,1875,1099,1534,1562,388,486,459,2565,3700,2681,3462,1277,1128,1360,2483,3451,3913,1952,1211,2858,1899,3798,3664,2461,3065,946,1984,3856,3207,1843,1290,1966,3209,1451,2690,936,3672,1206,2095,3236,2778,606,766,515,1040,777,1226,3610,3676,1734,2028,313,2690,620,608,1949,1976,1650,1976,708,1857,3330,504,3547,1803,1819,2292,1207,1958,3202,1416,916,2674,2365,1407,475,1066,2570,918,1326,1175,1152,2301,709,1443,2008,1804,1815,863,3843,2574,600,4089,1866,1514,3182,1351,635,948,3644,596,484,669,3567,1597,898,2003,2233,1197,1788,970,374,986,443,3290,3690,1478,3496,1295,1831,678,912,3570,1288,2544,437,3403,0,3202,543,1823,1890,673,534,2192,2199,2169
3287,1255,1256,3800,2592,1642,5138,2635,1766,2739,2182,5260,2308,7113,5091,3265,2037,2052,2342,3523,1218,2103,3705,1585,2426,921,3974,3361,429,777,2524,1286,4143,2401,1780,7034,2294,2831,3585,6066,4204,1987,2487,1244,3000,2268,3394,4152,3098,2729,3540,1524,6408,2031,1127,1353,3293,3360,3639,3561,2593,4155,3388,2463,2735,1632,3608,3432,3760,3503,631,245,1944,1452,3843,2267,2452,872,1442,660,1323,2934,1362,2137,6851,3185,1257,1273,2362,2303,300,1153,2442,2420,1798,1200,2543,521,3503,3192,2298,2062,2757,610,3879,2686,3194,4163,2866,4184,6520,423,1566,2007,3311,1360,3582,3520,1356,1899,1748,2059,3670,2176,1459,3548,121,4851,2408,2215,4097,2234,0,2500,4190,802,2640,2267,3547,3136,1476,3006,3603,4132,3795,1096,3418,2286,2149,2393,2134,3430,3364,1244,3873,836,4501,2344,3231,3628,3513,2876,390,2982,3528,3942,6619,3927,2987,2331,2157,3764,2498,3381,3419,2545,3716,3047,3211,2309,3016,4252,1663,3245,3479,417,3010,1195,3259,3160,3313,0,3475,4458,1367,3717,3213,5077,2044,1577
311,3186,3029,595,2184,1839,2405,951,2229,916,1394,2443,1510,4326,2111,3758,2500,2401,1806,1057,3170,2349,500,2048,1607,2852,1369,339,3742,2546,2144,3355,1254,2107,2094,4247,2261,1187,704,3081,1124,1560,2134,2634,1346,1703,755,1182,527,1980,771,1838,3566,2299,4441,2876,315,337,663,726,2183,1806,750,2169,1394,1829,1630,410,554,480,2625,3760,2741,3521,1074,1423,1654,2543,3510,3973,2846,1279,2918,2193,3866,3678,2521,3125,1240,2279,3916,3266,2138,1584,2261,3268,1746,2750,784,3686,1501,2390,3250,2838,674,872,526,1108,1072,1294,3678,3736,2029,2323,608,2750,642,629,2008,2271,1945,2271,730,2152,3390,526,3606,1871,2114,2587,1274,2018,3262,1711,984,2733,2660,1702,543,1134,2630,1212,1121,1243,1220,2360,731,1737,2303,2099,2110,964,3857,2634,668,4149,1934,1808,3212,1146,657,1242,3703,891,506,737,3634,1384,1193,2298,2528,995,2083,768,396,1281,511,3320,3704,1773,3509,1363,2126,973,1013,3630,1356,2604,505,3433,295,3262,0,1891,1950,694,545,2260,2259,2229
1933,4347,4190,1904,4103,3900,903,1911,4317,1778,3313,953,3429,2857,1061,4866,4588,4603,3725,2818,4331,4268,1809,4136,3526,4013,2002,2100,4903,3707,4063,4516,1579,4026,3255,2777,4180,3106,2465,1408,1570,2722,4053,3795,1693,3802,2516,1966,2394,3898,2532,2999,2096,4582,5602,4037,2183,2098,1617,2487,4102,405,2618,4088,3313,3890,2233,2171,1863,2242,3786,4921,3902,4682,2836,3342,3573,3704,4672,5134,4007,1652,4079,4112,2043,4786,3682,4286,3159,4198,5077,4427,4057,3503,4349,4430,3665,3911,2546,4794,3420,4613,4358,3999,1983,1831,1661,1434,2991,1620,2461,4897,4117,4558,2476,3911,2403,2391,3169,4450,4006,4190,2492,4071,4551,2287,4768,821,4033,4766,1908,3179,4423,3630,1310,3894,4578,3801,1650,1508,3791,3131,2220,1569,1950,3521,2492,3836,4222,4018,4029,2726,4965,3795,1976,5310,43,3728,4304,2195,2418,2523,4864,2629,2267,2046,1812,2190,3112,4216,4707,2756,4002,2529,2158,3200,1820,4412,4812,3692,4618,1688,4214,2892,2775,4791,1729,3765,1699,4525,2163,4423,2706,0,3111,2456,1642,770,3420,3390
1895,1787,1091,2408,1951,1340,3746,1243,1757,1348,1172,3868,1298,5283,3700,2157,2028,2043,1588,2131,1771,2093,2314,1576,1417,1453,2871,1970,1775,1147,1883,1956,2988,1901,388,5204,1918,2067,2193,4038,3049,595,1873,1235,1916,1242,2148,2995,1706,1719,2148,112,4523,2022,2473,1477,1901,1968,2248,2169,1952,2763,1996,1964,1725,1330,2642,2040,2368,2111,1226,1793,1139,2122,2452,1257,1442,1145,2112,2006,1447,1850,980,2128,4823,2076,637,1726,1352,1936,1949,1299,1942,1411,1789,1870,1533,1351,2111,2084,1288,2053,1648,1439,2488,1295,1803,2922,1952,3029,4635,1769,1557,1998,1920,1351,2335,2273,58,1890,1446,2050,2424,1809,1991,2157,1639,3459,1908,2206,2942,1224,1693,1490,2798,1334,2317,1241,2155,1745,1231,2092,2501,2978,2692,961,2172,1276,2140,1893,1767,2038,2255,1235,2481,2182,3109,1590,2122,2526,2267,1484,1736,1590,2136,2550,4591,2772,2073,1955,2147,2372,1822,2145,2027,1536,2325,1938,2102,1555,1908,3097,1654,1853,2087,2066,1926,1205,1867,2051,1921,1693,2084,3066,0,2325,1822,3685,657,279
994,3627,3471,716,2125,2142,3003,1943,2532,2048,1600,2953,1625,4756,2248,4246,2803,2342,1747,928,3612,2290,930,2351,1548,3294,1223,1130,4184,2988,1847,3797,1174,2048,2535,4676,2202,1348,574,3511,978,2002,2075,3076,1775,2006,625,1035,1155,1920,642,2280,3996,2240,4882,2580,1350,1128,1092,596,2124,2236,1053,2110,1335,2132,2060,376,984,447,3067,4202,3182,3963,945,1630,1803,2985,3952,4415,2550,1709,3360,2134,3972,4166,2963,3566,1447,2220,4358,3708,2089,1525,2282,3710,1770,3191,655,4173,1634,2331,3738,3280,1012,1994,1226,1195,1279,1215,4107,4178,2332,2264,976,3192,512,500,2450,2212,2248,2212,601,2093,3831,492,4048,2090,2055,2528,1128,2460,3704,1652,1144,3175,2600,2005,973,1564,2609,1419,992,1164,1074,2802,602,2040,2244,2040,2051,835,4344,3076,643,4590,2212,1750,3684,1017,528,1449,4145,1399,376,591,4064,1316,1400,2238,2469,866,1786,638,363,1487,940,3791,4192,1714,3997,1283,2428,910,884,4072,1785,3046,1076,3904,1370,3704,1140,2169,2392,0,1208,2538,2700,2671
307,3060,2903,512,2366,2021,2220,826,3030,835,1576,2342,1693,3757,2173,3633,3301,2583,1988,1427,3044,2532,417,2849,1790,2726,1286,708,3616,2420,2326,3230,1171,2289,1968,3677,2444,1369,1074,2512,1041,1435,2316,2508,776,1885,1124,1099,709,2162,1141,1713,2997,2481,4315,2750,497,707,226,1096,2365,1237,933,2352,1576,2011,1061,779,472,850,2499,3634,2615,3395,1444,1606,1837,2417,3385,3847,2720,710,2792,2376,3296,3552,2395,2999,1423,2462,3790,3140,2320,1767,3062,3143,1928,2624,1154,3560,1683,2572,3124,2712,591,746,19,1025,1254,1211,3108,3610,2830,2505,790,2624,1011,999,1883,3163,2128,2453,1100,2334,3264,896,3481,1933,2296,2769,1192,1892,3136,1893,902,2607,2842,1884,259,565,2504,1395,1329,1160,1137,2234,1101,1920,2486,2281,2292,1334,3731,2508,585,4023,1583,1991,3086,1304,1027,1236,3578,1073,876,654,3065,1301,1376,2480,2710,1365,2265,1137,766,1463,428,3194,3578,1956,3384,1280,2927,1155,1383,3504,786,2478,57,3307,477,3136,1020,1540,1824,1064,0,2159,2133,2103
1981,4813,4479,1951,4569,4367,164,2378,4783,2244,3779,218,3896,2362,1192,4864,5054,5070,3534,2866,4798,4077,1760,4602,3335,4479,2202,2148,5162,4174,4529,4983,1779,3835,3721,2536,3989,3572,2513,1075,1769,3188,4519,4261,2329,4268,2418,2166,2442,4365,2418,3466,1889,5048,5861,4503,2230,2146,2079,2535,4568,895,2666,3897,3122,4357,2231,2219,1751,2290,4252,5180,4153,5149,2721,3809,4040,4170,5138,5393,4473,2119,4367,3921,1407,4784,4338,4752,3626,4007,5336,4686,3876,3312,4816,4896,4131,4377,2593,4792,3886,5080,4356,4466,2030,2298,2127,1633,3458,1820,1825,5156,4583,5024,2524,4378,2451,2439,3636,4916,4473,3999,2539,3880,5017,2335,5027,1007,3842,5232,2107,3646,4890,3439,1510,4361,4387,4267,2117,1974,4258,3598,2419,1768,2150,3988,2442,4303,4031,3827,3838,2773,4963,4262,2030,5569,1020,3536,4302,2395,2466,2990,5123,3096,2315,1960,1176,2389,3579,4025,5174,2642,4468,2405,2205,3666,1749,4410,4810,3501,4616,1888,4680,3358,2822,5454,2195,4232,2166,4523,2210,4889,2753,977,3578,2504,2108,0,3671,3969
2186,2384,1011,2699,2590,1979,4168,1533,2354,1638,1811,4206,1937,5348,3990,1500,2625,2640,2227,2422,2484,2690,2604,2172,2056,2050,3162,2260,1695,1365,2522,2552,3279,2540,678,5268,2882,2357,2484,4301,3340,885,2512,1832,1925,1881,2438,3286,1996,2358,2439,762,4642,2619,2393,2074,2192,2258,2538,2460,2591,3054,2287,2603,2364,1970,1842,2331,2658,2402,1823,1712,482,2718,2742,1896,2081,1065,2707,1926,2044,2193,900,2724,5085,1420,870,2323,1992,2891,1869,1219,2582,2050,2386,2466,2173,1681,2401,1427,1927,2650,992,1769,2778,1585,2093,3212,2243,3319,4754,1689,2154,2595,2210,1948,2626,2564,592,2487,2086,2647,2714,2763,2588,2447,1559,3750,2547,2803,3233,1863,1613,2129,3089,1931,3228,1880,2446,2035,1870,2383,2791,3268,2983,1342,2462,1916,2736,2532,2721,2329,1598,1832,2772,2101,3400,2229,1465,2816,2557,1775,1656,1881,2427,2841,4854,3063,2364,2918,2744,2663,2461,2435,2318,2175,2615,1281,1445,2194,1251,3388,2250,2144,2378,1986,2260,1393,2157,1394,2211,1613,2374,3357,650,2616,2112,4023,0,502
1693,2681,1577,2206,2828,2234,3544,1041,2651,1146,1795,3666,1912,5655,3498,2068,2922,2937,2451,1896,2665,2988,2112,2470,2252,2347,2636,1768,2260,1930,2789,2851,2753,2752,715,5002,2906,1831,1958,3836,2736,532,2778,2129,1423,2136,1912,2793,1470,2624,1913,805,4321,2916,2959,2371,1666,1766,2046,1934,2828,2561,1761,2814,2038,2224,1708,1838,2166,1909,2120,2278,1051,3016,2216,1825,2336,1631,3006,2491,2341,1357,1465,2838,4621,1988,919,2620,1642,2924,2434,1784,2782,2305,2683,2764,2428,2246,1875,1996,1902,2947,1560,2334,2286,1093,1601,2720,1717,2793,4433,2254,2451,2892,1684,2245,2070,2038,635,2784,2340,2944,2159,2796,2885,1955,2125,3257,2758,3100,2707,1514,2178,2384,2596,2228,3304,2135,1953,1818,2125,1857,2265,2742,2457,1856,1936,2170,3034,2744,2754,1803,2167,2129,2279,2667,2907,2453,2034,2290,2031,1249,2221,1355,1934,2348,4389,2537,1838,2942,3042,2137,2727,1909,1825,1682,2123,1850,2014,2418,1820,2862,2548,1618,1852,2552,1433,1958,1665,1963,1685,2179,1848,2864,694,2123,1620,3483,569,0
